tp,tn,fp,fn,precision,recall,f1,fpr,tnr,accuracy,threshold,predicted_positive
1,661,0,120,1.0,0.008264462809917356,0.01639344262295082,0.0,1.0,0.8465473145780051,0.99982363,1
2,661,0,119,1.0,0.01652892561983471,0.032520325203252036,0.0,1.0,0.8478260869565217,0.99981993,2
3,661,0,118,1.0,0.024793388429752067,0.048387096774193554,0.0,1.0,0.8491048593350383,0.9998136,3
4,661,0,117,1.0,0.03305785123966942,0.06400000000000002,0.0,1.0,0.850383631713555,0.9998084,4
5,661,0,116,1.0,0.04132231404958678,0.07936507936507936,0.0,1.0,0.8516624040920716,0.99979836,5
6,661,0,115,1.0,0.049586776859504134,0.09448818897637795,0.0,1.0,0.8529411764705882,0.99979264,6
7,661,0,114,1.0,0.05785123966942149,0.109375,0.0,1.0,0.8542199488491049,0.99978286,7
8,661,0,113,1.0,0.06611570247933884,0.12403100775193798,0.0,1.0,0.8554987212276215,0.99978095,8
9,661,0,112,1.0,0.0743801652892562,0.13846153846153847,0.0,1.0,0.8567774936061381,0.99975544,9
10,661,0,111,1.0,0.08264462809917356,0.15267175572519084,0.0,1.0,0.8580562659846548,0.99975246,10
11,661,0,110,1.0,0.09090909090909091,0.16666666666666669,0.0,1.0,0.8593350383631714,0.9997453,11
12,661,0,109,1.0,0.09917355371900827,0.18045112781954886,0.0,1.0,0.860613810741688,0.99974316,12
13,661,0,108,1.0,0.10743801652892562,0.19402985074626863,0.0,1.0,0.8618925831202046,0.9997427,13
14,661,0,107,1.0,0.11570247933884298,0.2074074074074074,0.0,1.0,0.8631713554987213,0.99971825,14
15,661,0,106,1.0,0.12396694214876033,0.22058823529411764,0.0,1.0,0.8644501278772379,0.9996896,15
16,661,0,105,1.0,0.1322314049586777,0.23357664233576642,0.0,1.0,0.8657289002557544,0.9996773,16
17,661,0,104,1.0,0.14049586776859505,0.2463768115942029,0.0,1.0,0.8670076726342711,0.99964035,17
18,661,0,103,1.0,0.1487603305785124,0.2589928057553957,0.0,1.0,0.8682864450127877,0.9996189,18
19,661,0,102,1.0,0.15702479338842976,0.27142857142857146,0.0,1.0,0.8695652173913043,0.9996068,19
20,661,0,101,1.0,0.1652892561983471,0.28368794326241137,0.0,1.0,0.870843989769821,0.9995931,20
21,661,0,100,1.0,0.17355371900826447,0.29577464788732394,0.0,1.0,0.8721227621483376,0.99957865,21
22,661,0,99,1.0,0.18181818181818182,0.3076923076923077,0.0,1.0,0.8734015345268542,0.999574,22
23,661,0,98,1.0,0.19008264462809918,0.3194444444444444,0.0,1.0,0.8746803069053708,0.99956685,23
24,661,0,97,1.0,0.19834710743801653,0.3310344827586207,0.0,1.0,0.8759590792838875,0.999546,24
25,661,0,96,1.0,0.2066115702479339,0.34246575342465757,0.0,1.0,0.8772378516624041,0.99954337,25
26,661,0,95,1.0,0.21487603305785125,0.35374149659863946,0.0,1.0,0.8785166240409207,0.9995167,26
27,661,0,94,1.0,0.2231404958677686,0.3648648648648649,0.0,1.0,0.8797953964194374,0.99949574,27
28,661,0,93,1.0,0.23140495867768596,0.3758389261744966,0.0,1.0,0.881074168797954,0.99948055,28
29,661,0,92,1.0,0.2396694214876033,0.38666666666666666,0.0,1.0,0.8823529411764706,0.99947613,29
30,661,0,91,1.0,0.24793388429752067,0.3973509933774834,0.0,1.0,0.8836317135549873,0.9994506,30
31,661,0,90,1.0,0.256198347107438,0.4078947368421052,0.0,1.0,0.8849104859335039,0.99941623,31
32,661,0,89,1.0,0.2644628099173554,0.41830065359477125,0.0,1.0,0.8861892583120204,0.99941456,32
33,661,0,88,1.0,0.2727272727272727,0.42857142857142855,0.0,1.0,0.887468030690537,0.9994085,33
34,661,0,87,1.0,0.2809917355371901,0.43870967741935485,0.0,1.0,0.8887468030690537,0.9993876,34
35,661,0,86,1.0,0.2892561983471074,0.44871794871794873,0.0,1.0,0.8900255754475703,0.99938595,35
36,661,0,85,1.0,0.2975206611570248,0.45859872611464975,0.0,1.0,0.8913043478260869,0.9993826,36
37,661,0,84,1.0,0.30578512396694213,0.4683544303797468,0.0,1.0,0.8925831202046036,0.9993703,37
38,661,0,83,1.0,0.3140495867768595,0.4779874213836478,0.0,1.0,0.8938618925831202,0.9993622,38
39,661,0,82,1.0,0.32231404958677684,0.48749999999999993,0.0,1.0,0.8951406649616368,0.99935573,39
40,661,0,81,1.0,0.3305785123966942,0.4968944099378882,0.0,1.0,0.8964194373401535,0.99934953,40
41,661,0,80,1.0,0.33884297520661155,0.5061728395061729,0.0,1.0,0.8976982097186701,0.9993374,41
42,661,0,79,1.0,0.34710743801652894,0.5153374233128835,0.0,1.0,0.8989769820971867,0.99932015,42
43,661,0,78,1.0,0.35537190082644626,0.524390243902439,0.0,1.0,0.9002557544757033,0.9993092,43
44,661,0,77,1.0,0.36363636363636365,0.5333333333333333,0.0,1.0,0.90153452685422,0.99930143,44
45,661,0,76,1.0,0.371900826446281,0.5421686746987953,0.0,1.0,0.9028132992327366,0.9992613,45
46,661,0,75,1.0,0.38016528925619836,0.5508982035928144,0.0,1.0,0.9040920716112532,0.99925846,46
47,661,0,74,1.0,0.3884297520661157,0.5595238095238095,0.0,1.0,0.9053708439897699,0.99922705,47
48,661,0,73,1.0,0.39669421487603307,0.5680473372781065,0.0,1.0,0.9066496163682864,0.9991221,48
49,661,0,72,1.0,0.4049586776859504,0.5764705882352941,0.0,1.0,0.907928388746803,0.9990282,49
50,661,0,71,1.0,0.4132231404958678,0.584795321637427,0.0,1.0,0.9092071611253197,0.99901545,50
51,661,0,70,1.0,0.4214876033057851,0.5930232558139535,0.0,1.0,0.9104859335038363,0.99892235,51
52,661,0,69,1.0,0.4297520661157025,0.6011560693641619,0.0,1.0,0.9117647058823529,0.99890745,52
53,661,0,68,1.0,0.4380165289256198,0.6091954022988505,0.0,1.0,0.9130434782608695,0.9988702,53
54,661,0,67,1.0,0.4462809917355372,0.6171428571428571,0.0,1.0,0.9143222506393862,0.9988288,54
55,661,0,66,1.0,0.45454545454545453,0.625,0.0,1.0,0.9156010230179028,0.99879336,55
56,661,0,65,1.0,0.4628099173553719,0.632768361581921,0.0,1.0,0.9168797953964194,0.99872917,56
57,661,0,64,1.0,0.47107438016528924,0.6404494382022472,0.0,1.0,0.9181585677749361,0.99858105,57
58,661,0,63,1.0,0.4793388429752066,0.6480446927374302,0.0,1.0,0.9194373401534527,0.99855524,58
59,661,0,62,1.0,0.48760330578512395,0.6555555555555556,0.0,1.0,0.9207161125319693,0.9985385,59
60,661,0,61,1.0,0.49586776859504134,0.6629834254143646,0.0,1.0,0.921994884910486,0.9985191,60
61,661,0,60,1.0,0.5041322314049587,0.6703296703296704,0.0,1.0,0.9232736572890026,0.9985061,61
62,661,0,59,1.0,0.512396694214876,0.6775956284153004,0.0,1.0,0.9245524296675192,0.9984786,62
63,661,0,58,1.0,0.5206611570247934,0.6847826086956522,0.0,1.0,0.9258312020460358,0.998417,63
64,661,0,57,1.0,0.5289256198347108,0.6918918918918919,0.0,1.0,0.9271099744245525,0.99834216,64
65,661,0,56,1.0,0.5371900826446281,0.6989247311827956,0.0,1.0,0.928388746803069,0.9982729,65
66,661,0,55,1.0,0.5454545454545454,0.7058823529411764,0.0,1.0,0.9296675191815856,0.9982023,66
67,661,0,54,1.0,0.5537190082644629,0.7127659574468085,0.0,1.0,0.9309462915601023,0.99813145,67
68,661,0,53,1.0,0.5619834710743802,0.7195767195767196,0.0,1.0,0.9322250639386189,0.9979558,68
69,661,0,52,1.0,0.5702479338842975,0.7263157894736841,0.0,1.0,0.9335038363171355,0.99786466,69
70,661,0,51,1.0,0.5785123966942148,0.7329842931937173,0.0,1.0,0.9347826086956522,0.9976615,70
71,661,0,50,1.0,0.5867768595041323,0.7395833333333334,0.0,1.0,0.9360613810741688,0.997177,71
72,661,0,49,1.0,0.5950413223140496,0.7461139896373057,0.0,1.0,0.9373401534526854,0.99714833,72
73,661,0,48,1.0,0.6033057851239669,0.7525773195876289,0.0,1.0,0.9386189258312021,0.9967964,73
74,661,0,47,1.0,0.6115702479338843,0.7589743589743589,0.0,1.0,0.9398976982097187,0.9966899,74
75,661,0,46,1.0,0.6198347107438017,0.7653061224489797,0.0,1.0,0.9411764705882353,0.99657,75
76,661,0,45,1.0,0.628099173553719,0.7715736040609137,0.0,1.0,0.9424552429667519,0.9957048,76
77,661,0,44,1.0,0.6363636363636364,0.7777777777777778,0.0,1.0,0.9437340153452686,0.99489284,77
78,661,0,43,1.0,0.6446280991735537,0.7839195979899497,0.0,1.0,0.9450127877237852,0.9945656,78
79,661,0,42,1.0,0.6528925619834711,0.79,0.0,1.0,0.9462915601023018,0.9938466,79
80,661,0,41,1.0,0.6611570247933884,0.7960199004975125,0.0,1.0,0.9475703324808185,0.99314827,80
81,661,0,40,1.0,0.6694214876033058,0.801980198019802,0.0,1.0,0.948849104859335,0.9928746,81
82,661,0,39,1.0,0.6776859504132231,0.8078817733990148,0.0,1.0,0.9501278772378516,0.9927267,82
83,661,0,38,1.0,0.6859504132231405,0.8137254901960784,0.0,1.0,0.9514066496163683,0.991204,83
84,661,0,37,1.0,0.6942148760330579,0.8195121951219513,0.0,1.0,0.9526854219948849,0.99057686,84
85,661,0,36,1.0,0.7024793388429752,0.8252427184466019,0.0,1.0,0.9539641943734015,0.986624,85
86,661,0,35,1.0,0.7107438016528925,0.8309178743961353,0.0,1.0,0.9552429667519181,0.985352,86
87,661,0,34,1.0,0.71900826446281,0.8365384615384616,0.0,1.0,0.9565217391304348,0.984689,87
88,661,0,33,1.0,0.7272727272727273,0.8421052631578948,0.0,1.0,0.9578005115089514,0.9834229,88
89,661,0,32,1.0,0.7355371900826446,0.8476190476190476,0.0,1.0,0.959079283887468,0.9809043,89
90,661,0,31,1.0,0.743801652892562,0.8530805687203791,0.0,1.0,0.9603580562659847,0.98070097,90
91,661,0,30,1.0,0.7520661157024794,0.8584905660377359,0.0,1.0,0.9616368286445013,0.9805649,91
92,661,0,29,1.0,0.7603305785123967,0.8638497652582159,0.0,1.0,0.9629156010230179,0.9801328,92
93,661,0,28,1.0,0.768595041322314,0.869158878504673,0.0,1.0,0.9641943734015346,0.9797417,93
94,661,0,27,1.0,0.7768595041322314,0.8744186046511627,0.0,1.0,0.9654731457800512,0.97718906,94
95,661,0,26,1.0,0.7851239669421488,0.8796296296296297,0.0,1.0,0.9667519181585678,0.97464705,95
96,661,0,25,1.0,0.7933884297520661,0.8847926267281107,0.0,1.0,0.9680306905370843,0.97402704,96
97,661,0,24,1.0,0.8016528925619835,0.8899082568807339,0.0,1.0,0.969309462915601,0.9376879,97
98,661,0,23,1.0,0.8099173553719008,0.8949771689497716,0.0,1.0,0.9705882352941176,0.920206,98
99,661,0,22,1.0,0.8181818181818182,0.9,0.0,1.0,0.9718670076726342,0.90889376,99
100,661,0,21,1.0,0.8264462809917356,0.904977375565611,0.0,1.0,0.9731457800511509,0.90524554,100
101,661,0,20,1.0,0.8347107438016529,0.9099099099099098,0.0,1.0,0.9744245524296675,0.8721631,101
102,661,0,19,1.0,0.8429752066115702,0.914798206278027,0.0,1.0,0.9757033248081841,0.86555916,102
103,661,0,18,1.0,0.8512396694214877,0.9196428571428572,0.0,1.0,0.9769820971867008,0.8601758,103
104,661,0,17,1.0,0.859504132231405,0.9244444444444445,0.0,1.0,0.9782608695652174,0.8221427,104
104,660,1,17,0.9904761904761905,0.859504132231405,0.9203539823008849,0.0015128593040847202,0.9984871406959153,0.9769820971867008,0.82093173,105
105,660,1,16,0.9905660377358491,0.8677685950413223,0.9251101321585904,0.0015128593040847202,0.9984871406959153,0.9782608695652174,0.81087977,106
106,660,1,15,0.9906542056074766,0.8760330578512396,0.9298245614035087,0.0015128593040847202,0.9984871406959153,0.979539641943734,0.7486458,107
106,659,2,15,0.9814814814814815,0.8760330578512396,0.9257641921397379,0.0030257186081694403,0.9969742813918305,0.9782608695652174,0.6669517,108
107,659,2,14,0.981651376146789,0.8842975206611571,0.9304347826086957,0.0030257186081694403,0.9969742813918305,0.979539641943734,0.6082927,109
108,659,2,13,0.9818181818181818,0.8925619834710744,0.935064935064935,0.0030257186081694403,0.9969742813918305,0.9808184143222506,0.5827866,110
109,659,2,12,0.9819819819819819,0.9008264462809917,0.939655172413793,0.0030257186081694403,0.9969742813918305,0.9820971867007673,0.54772574,111
110,659,2,11,0.9821428571428571,0.9090909090909091,0.944206008583691,0.0030257186081694403,0.9969742813918305,0.9833759590792839,0.5385918,112
110,658,3,11,0.9734513274336283,0.9090909090909091,0.9401709401709402,0.0045385779122541605,0.9954614220877458,0.9820971867007673,0.5303631,113
110,657,4,11,0.9649122807017544,0.9090909090909091,0.9361702127659574,0.006051437216338881,0.9939485627836612,0.9808184143222506,0.51087886,114
111,657,4,10,0.9652173913043478,0.9173553719008265,0.940677966101695,0.006051437216338881,0.9939485627836612,0.9820971867007673,0.29161975,115
112,657,4,9,0.9655172413793104,0.9256198347107438,0.9451476793248945,0.006051437216338881,0.9939485627836612,0.9833759590792839,0.21324325,116
113,657,4,8,0.9658119658119658,0.9338842975206612,0.9495798319327732,0.006051437216338881,0.9939485627836612,0.9846547314578005,0.2067353,117
114,657,4,7,0.9661016949152542,0.9421487603305785,0.9539748953974895,0.006051437216338881,0.9939485627836612,0.9859335038363172,0.19596165,118
114,656,5,7,0.957983193277311,0.9421487603305785,0.95,0.007564296520423601,0.9924357034795764,0.9846547314578005,0.104533546,119
114,655,6,7,0.95,0.9421487603305785,0.946058091286307,0.009077155824508321,0.9909228441754917,0.9833759590792839,0.090004474,120
114,654,7,7,0.9421487603305785,0.9421487603305785,0.9421487603305785,0.01059001512859304,0.989409984871407,0.9820971867007673,0.08804188,121
115,654,7,6,0.9426229508196722,0.9504132231404959,0.9465020576131689,0.01059001512859304,0.989409984871407,0.9833759590792839,0.054996897,122
115,653,8,6,0.9349593495934959,0.9504132231404959,0.9426229508196721,0.012102874432677761,0.9878971255673222,0.9820971867007673,0.039252177,123
115,652,9,6,0.9274193548387096,0.9504132231404959,0.9387755102040816,0.01361573373676248,0.9863842662632375,0.9808184143222506,0.03458425,124
116,652,9,5,0.928,0.9586776859504132,0.943089430894309,0.01361573373676248,0.9863842662632375,0.9820971867007673,0.03375938,125
116,651,10,5,0.9206349206349206,0.9586776859504132,0.9392712550607287,0.015128593040847202,0.9848714069591528,0.9808184143222506,0.033325516,126
116,650,11,5,0.9133858267716536,0.9586776859504132,0.935483870967742,0.01664145234493192,0.983358547655068,0.979539641943734,0.027605902,127
116,649,12,5,0.90625,0.9586776859504132,0.9317269076305222,0.018154311649016642,0.9818456883509834,0.9782608695652174,0.023772277,128
117,649,12,4,0.9069767441860465,0.9669421487603306,0.9359999999999999,0.018154311649016642,0.9818456883509834,0.979539641943734,0.01445353,129
117,648,13,4,0.9,0.9669421487603306,0.9322709163346614,0.019667170953101363,0.9803328290468987,0.9782608695652174,0.014181591,130
117,647,14,4,0.8931297709923665,0.9669421487603306,0.9285714285714285,0.02118003025718608,0.9788199697428139,0.9769820971867008,0.013021213,131
117,646,15,4,0.8863636363636364,0.9669421487603306,0.924901185770751,0.0226928895612708,0.9773071104387292,0.9757033248081841,0.011569055,132
117,645,16,4,0.8796992481203008,0.9669421487603306,0.921259842519685,0.024205748865355523,0.9757942511346445,0.9744245524296675,0.011043731,133
117,644,17,4,0.8731343283582089,0.9669421487603306,0.9176470588235294,0.025718608169440244,0.9742813918305597,0.9731457800511509,0.010214477,134
117,643,18,4,0.8666666666666667,0.9669421487603306,0.9140624999999999,0.02723146747352496,0.972768532526475,0.9718670076726342,0.00999368,135
117,642,19,4,0.8602941176470589,0.9669421487603306,0.9105058365758755,0.028744326777609682,0.9712556732223904,0.9705882352941176,0.009947744,136
118,642,19,3,0.8613138686131386,0.9752066115702479,0.9147286821705425,0.028744326777609682,0.9712556732223904,0.9718670076726342,0.009805812,137
118,641,20,3,0.855072463768116,0.9752066115702479,0.911196911196911,0.030257186081694403,0.9697428139183056,0.9705882352941176,0.009656052,138
118,640,21,3,0.8489208633093526,0.9752066115702479,0.9076923076923077,0.03177004538577912,0.9682299546142209,0.969309462915601,0.008709429,139
118,639,22,3,0.8428571428571429,0.9752066115702479,0.9042145593869733,0.03328290468986384,0.9667170953101362,0.9680306905370843,0.00765663,140
118,638,23,3,0.8368794326241135,0.9752066115702479,0.9007633587786259,0.03479576399394856,0.9652042360060514,0.9667519181585678,0.007353306,141
118,637,24,3,0.8309859154929577,0.9752066115702479,0.8973384030418251,0.036308623298033284,0.9636913767019667,0.9654731457800512,0.007306108,142
118,636,25,3,0.8251748251748252,0.9752066115702479,0.8939393939393939,0.037821482602118005,0.962178517397882,0.9641943734015346,0.0072025796,143
118,635,26,3,0.8194444444444444,0.9752066115702479,0.890566037735849,0.039334341906202726,0.9606656580937972,0.9629156010230179,0.005524369,144
118,634,27,3,0.8137931034482758,0.9752066115702479,0.8872180451127819,0.04084720121028744,0.9591527987897126,0.9616368286445013,0.0053259297,145
119,634,27,2,0.815068493150685,0.9834710743801653,0.8913857677902624,0.04084720121028744,0.9591527987897126,0.9629156010230179,0.004978966,146
119,633,28,2,0.8095238095238095,0.9834710743801653,0.8880597014925373,0.04236006051437216,0.9576399394856279,0.9616368286445013,0.0049261744,147
119,632,29,2,0.8040540540540541,0.9834710743801653,0.8847583643122677,0.04387291981845688,0.9561270801815431,0.9603580562659847,0.004579867,148
119,631,30,2,0.7986577181208053,0.9834710743801653,0.8814814814814815,0.0453857791225416,0.9546142208774584,0.959079283887468,0.0041023013,149
119,630,31,2,0.7933333333333333,0.9834710743801653,0.8782287822878228,0.046898638426626324,0.9531013615733737,0.9578005115089514,0.004042076,150
119,629,32,2,0.7880794701986755,0.9834710743801653,0.875,0.048411497730711045,0.9515885022692889,0.9565217391304348,0.0039974484,151
119,628,33,2,0.7828947368421053,0.9834710743801653,0.8717948717948718,0.049924357034795766,0.9500756429652042,0.9552429667519181,0.0036158124,152
120,628,33,1,0.7843137254901961,0.9917355371900827,0.8759124087591241,0.049924357034795766,0.9500756429652042,0.9565217391304348,0.0035431464,153
120,627,34,1,0.7792207792207793,0.9917355371900827,0.8727272727272728,0.05143721633888049,0.9485627836611196,0.9552429667519181,0.0035008308,154
120,626,35,1,0.7741935483870968,0.9917355371900827,0.8695652173913043,0.0529500756429652,0.9470499243570348,0.9539641943734015,0.0034190724,155
120,625,36,1,0.7692307692307693,0.9917355371900827,0.8664259927797834,0.05446293494704992,0.9455370650529501,0.9526854219948849,0.0034047572,156
120,624,37,1,0.7643312101910829,0.9917355371900827,0.8633093525179857,0.05597579425113464,0.9440242057488654,0.9514066496163683,0.0029997074,157
120,623,38,1,0.759493670886076,0.9917355371900827,0.860215053763441,0.057488653555219364,0.9425113464447806,0.9501278772378516,0.0029103996,158
120,622,39,1,0.7547169811320755,0.9917355371900827,0.8571428571428572,0.059001512859304085,0.9409984871406959,0.948849104859335,0.0027671787,159
120,621,40,1,0.75,0.9917355371900827,0.8540925266903914,0.060514372163388806,0.9394856278366112,0.9475703324808185,0.0025789079,160
120,620,41,1,0.7453416149068323,0.9917355371900827,0.851063829787234,0.06202723146747353,0.9379727685325264,0.9462915601023018,0.0025499226,161
120,619,42,1,0.7407407407407407,0.9917355371900827,0.8480565371024734,0.06354009077155824,0.9364599092284418,0.9450127877237852,0.0021557051,162
120,618,43,1,0.7361963190184049,0.9917355371900827,0.8450704225352113,0.06505295007564296,0.9349470499243571,0.9437340153452686,0.0020507865,163
120,617,44,1,0.7317073170731707,0.9917355371900827,0.8421052631578947,0.06656580937972768,0.9334341906202723,0.9424552429667519,0.0019804009,164
120,616,45,1,0.7272727272727273,0.9917355371900827,0.8391608391608393,0.0680786686838124,0.9319213313161876,0.9411764705882353,0.0017364763,165
120,615,46,1,0.7228915662650602,0.9917355371900827,0.8362369337979094,0.06959152798789713,0.9304084720121029,0.9398976982097187,0.001482349,166
120,614,47,1,0.718562874251497,0.9917355371900827,0.8333333333333333,0.07110438729198185,0.9288956127080181,0.9386189258312021,0.0014121594,167
120,613,48,1,0.7142857142857143,0.9917355371900827,0.8304498269896194,0.07261724659606657,0.9273827534039334,0.9373401534526854,0.0014072364,168
120,612,49,1,0.7100591715976331,0.9917355371900827,0.8275862068965518,0.07413010590015129,0.9258698940998488,0.9360613810741688,0.0013723008,169
120,611,50,1,0.7058823529411765,0.9917355371900827,0.8247422680412372,0.07564296520423601,0.924357034795764,0.9347826086956522,0.0013715657,170
120,610,51,1,0.7017543859649122,0.9917355371900827,0.821917808219178,0.07715582450832073,0.9228441754916793,0.9335038363171355,0.00136854,171
120,609,52,1,0.6976744186046512,0.9917355371900827,0.819112627986348,0.07866868381240545,0.9213313161875946,0.9322250639386189,0.0012216798,172
120,608,53,1,0.6936416184971098,0.9917355371900827,0.8163265306122449,0.08018154311649017,0.9198184568835098,0.9309462915601023,0.0012130522,173
120,607,54,1,0.6896551724137931,0.9917355371900827,0.8135593220338984,0.08169440242057488,0.9183055975794251,0.9296675191815856,0.0010839765,174
120,606,55,1,0.6857142857142857,0.9917355371900827,0.8108108108108109,0.0832072617246596,0.9167927382753404,0.928388746803069,0.0010806358,175
120,605,56,1,0.6818181818181818,0.9917355371900827,0.8080808080808081,0.08472012102874432,0.9152798789712556,0.9271099744245525,0.0010721172,176
120,604,57,1,0.6779661016949152,0.9917355371900827,0.8053691275167785,0.08623298033282904,0.913767019667171,0.9258312020460358,0.0010654167,177
120,603,58,1,0.6741573033707865,0.9917355371900827,0.802675585284281,0.08774583963691376,0.9122541603630863,0.9245524296675192,0.00084886496,178
120,602,59,1,0.6703910614525139,0.9917355371900827,0.7999999999999999,0.08925869894099848,0.9107413010590015,0.9232736572890026,0.00083893933,179
120,596,65,1,0.6486486486486487,0.9917355371900827,0.7843137254901961,0.09833585476550681,0.9016641452344932,0.9156010230179028,0.0007176767,185
120,595,66,1,0.6451612903225806,0.9917355371900827,0.781758957654723,0.09984871406959153,0.9001512859304085,0.9143222506393862,0.0007176644,186
120,594,67,1,0.6417112299465241,0.9917355371900827,0.7792207792207791,0.10136157337367625,0.8986384266263238,0.9130434782608695,0.000717659,187
120,593,68,1,0.6382978723404256,0.9917355371900827,0.7766990291262136,0.10287443267776097,0.897125567322239,0.9117647058823529,0.0007176569,188
120,592,69,1,0.6349206349206349,0.9917355371900827,0.7741935483870968,0.1043872919818457,0.8956127080181543,0.9104859335038363,0.00071764254,189
120,591,70,1,0.631578947368421,0.9917355371900827,0.7717041800643086,0.1059001512859304,0.8940998487140696,0.9092071611253197,0.0007176391,190
120,590,71,1,0.6282722513089005,0.9917355371900827,0.7692307692307693,0.10741301059001512,0.8925869894099848,0.907928388746803,0.0007176323,191
120,589,72,1,0.625,0.9917355371900827,0.7667731629392972,0.10892586989409984,0.8910741301059002,0.9066496163682864,0.00071762135,192
120,588,73,1,0.6217616580310881,0.9917355371900827,0.7643312101910829,0.11043872919818457,0.8895612708018155,0.9053708439897699,0.0007176159,193
120,587,74,1,0.6185567010309279,0.9917355371900827,0.761904761904762,0.11195158850226929,0.8880484114977307,0.9040920716112532,0.0007175916,194
120,586,75,1,0.6153846153846154,0.9917355371900827,0.759493670886076,0.11346444780635401,0.886535552193646,0.9028132992327366,0.00071758404,195
120,585,76,1,0.6122448979591837,0.9917355371900827,0.7570977917981073,0.11497730711043873,0.8850226928895613,0.90153452685422,0.00071753934,196
120,584,77,1,0.6091370558375635,0.9917355371900827,0.7547169811320755,0.11649016641452345,0.8835098335854765,0.9002557544757033,0.00071752013,197
120,583,78,1,0.6060606060606061,0.9917355371900827,0.7523510971786834,0.11800302571860817,0.8819969742813918,0.8989769820971867,0.00071749213,198
120,582,79,1,0.6030150753768844,0.9917355371900827,0.75,0.11951588502269289,0.8804841149773072,0.8976982097186701,0.00071736187,199
120,581,80,1,0.6,0.9917355371900827,0.7476635514018692,0.12102874432677761,0.8789712556732224,0.8964194373401535,0.0007171869,200
120,580,81,1,0.5970149253731343,0.9917355371900827,0.7453416149068324,0.12254160363086233,0.8774583963691377,0.8951406649616368,0.000716794,201
120,579,82,1,0.594059405940594,0.9917355371900827,0.7430340557275542,0.12405446293494705,0.875945537065053,0.8938618925831202,0.00071601017,202
120,578,83,1,0.5911330049261084,0.9917355371900827,0.7407407407407408,0.12556732223903178,0.8744326777609682,0.8925831202046036,0.0007159785,203
120,577,84,1,0.5882352941176471,0.9917355371900827,0.7384615384615385,0.12708018154311648,0.8729198184568835,0.8913043478260869,0.0007085277,204
120,576,85,1,0.5853658536585366,0.9917355371900827,0.736196319018405,0.12859304084720122,0.8714069591527988,0.8900255754475703,0.0006854691,205
120,575,86,1,0.5825242718446602,0.9917355371900827,0.7339449541284403,0.13010590015128592,0.869894099848714,0.8887468030690537,0.0006687441,206
120,574,87,1,0.5797101449275363,0.9917355371900827,0.7317073170731706,0.13161875945537066,0.8683812405446294,0.887468030690537,0.0006539255,207
120,573,88,1,0.5769230769230769,0.9917355371900827,0.7294832826747719,0.13313161875945537,0.8668683812405447,0.8861892583120204,0.0006455742,208
120,572,89,1,0.5741626794258373,0.9917355371900827,0.7272727272727272,0.1346444780635401,0.8653555219364599,0.8849104859335039,0.00061401003,209
120,571,90,1,0.5714285714285714,0.9917355371900827,0.7250755287009063,0.1361573373676248,0.8638426626323752,0.8836317135549873,0.0006102767,210
120,570,91,1,0.5687203791469194,0.9917355371900827,0.7228915662650602,0.13767019667170954,0.8623298033282905,0.8823529411764706,0.00060639204,211
120,569,92,1,0.5660377358490566,0.9917355371900827,0.7207207207207207,0.13918305597579425,0.8608169440242057,0.881074168797954,0.00058875664,212
120,568,93,1,0.5633802816901409,0.9917355371900827,0.7185628742514971,0.14069591527987896,0.859304084720121,0.8797953964194374,0.0005789743,213
120,567,94,1,0.5607476635514018,0.9917355371900827,0.7164179104477613,0.1422087745839637,0.8577912254160364,0.8785166240409207,0.00046890613,214
120,566,95,1,0.5581395348837209,0.9917355371900827,0.7142857142857144,0.1437216338880484,0.8562783661119516,0.8772378516624041,0.00041514993,215
120,565,96,1,0.5555555555555556,0.9917355371900827,0.7121661721068249,0.14523449319213314,0.8547655068078669,0.8759590792838875,0.00041138916,216
120,564,97,1,0.5529953917050692,0.9917355371900827,0.7100591715976332,0.14674735249621784,0.8532526475037822,0.8746803069053708,0.00038421518,217
120,563,98,1,0.5504587155963303,0.9917355371900827,0.7079646017699116,0.14826021180030258,0.8517397881996974,0.8734015345268542,0.0003782454,218
120,562,99,1,0.547945205479452,0.9917355371900827,0.7058823529411765,0.14977307110438728,0.8502269288956127,0.8721227621483376,0.00037239675,219
120,561,100,1,0.5454545454545454,0.9917355371900827,0.7038123167155426,0.15128593040847202,0.848714069591528,0.870843989769821,0.00037020232,220
120,560,101,1,0.5429864253393665,0.9917355371900827,0.7017543859649122,0.15279878971255673,0.8472012102874432,0.8695652173913043,0.00036676152,221
120,559,102,1,0.5405405405405406,0.9917355371900827,0.6997084548104957,0.15431164901664146,0.8456883509833586,0.8682864450127877,0.0003603895,222
120,558,103,1,0.5381165919282511,0.9917355371900827,0.6976744186046512,0.15582450832072617,0.8441754916792739,0.8670076726342711,0.0003571255,223
120,557,104,1,0.5357142857142857,0.9917355371900827,0.6956521739130433,0.1573373676248109,0.8426626323751891,0.8657289002557544,0.00035396277,224
120,556,105,1,0.5333333333333333,0.9917355371900827,0.6936416184971098,0.1588502269288956,0.8411497730711044,0.8644501278772379,0.00035092366,225
120,555,106,1,0.5309734513274337,0.9917355371900827,0.69164265129683,0.16036308623298035,0.8396369137670197,0.8631713554987213,0.0003483534,226
120,554,107,1,0.5286343612334802,0.9917355371900827,0.6896551724137931,0.16187594553706505,0.8381240544629349,0.8618925831202046,0.0003247834,227
120,553,108,1,0.5263157894736842,0.9917355371900827,0.6876790830945558,0.16338880484114976,0.8366111951588502,0.860613810741688,0.00031566343,228
120,552,109,1,0.5240174672489083,0.9917355371900827,0.6857142857142856,0.1649016641452345,0.8350983358547656,0.8593350383631714,0.0003009688,229
121,552,109,0,0.5260869565217391,1.0,0.6894586894586895,0.1649016641452345,0.8350983358547656,0.860613810741688,0.00030013497,230
121,551,110,0,0.5238095238095238,1.0,0.6875000000000001,0.1664145234493192,0.8335854765506808,0.8593350383631714,0.00029974664,231
121,550,111,0,0.521551724137931,1.0,0.6855524079320113,0.16792738275340394,0.8320726172465961,0.8580562659846548,0.00029444156,232
121,549,112,0,0.51931330472103,1.0,0.6836158192090395,0.16944024205748864,0.8305597579425114,0.8567774936061381,0.00028446584,233
121,548,113,0,0.5170940170940171,1.0,0.6816901408450705,0.17095310136157338,0.8290468986384266,0.8554987212276215,0.0002804288,234
121,547,114,0,0.5148936170212766,1.0,0.6797752808988764,0.17246596066565809,0.8275340393343419,0.8542199488491049,0.00025991123,235
121,546,115,0,0.5127118644067796,1.0,0.6778711484593837,0.17397881996974282,0.8260211800302572,0.8529411764705882,0.00025858713,236
121,545,116,0,0.510548523206751,1.0,0.6759776536312849,0.17549167927382753,0.8245083207261724,0.8516624040920716,0.00025467403,237
121,544,117,0,0.5084033613445378,1.0,0.6740947075208913,0.17700453857791226,0.8229954614220878,0.850383631713555,0.00025258376,238
121,543,118,0,0.5062761506276151,1.0,0.6722222222222223,0.17851739788199697,0.8214826021180031,0.8491048593350383,0.0002493925,239
121,542,119,0,0.5041666666666667,1.0,0.6703601108033241,0.1800302571860817,0.8199697428139183,0.8478260869565217,0.0002463984,240
121,541,120,0,0.5020746887966805,1.0,0.6685082872928176,0.1815431164901664,0.8184568835098336,0.8465473145780051,0.00022696676,241
121,540,121,0,0.5,1.0,0.6666666666666666,0.18305597579425115,0.8169440242057489,0.8452685421994884,0.00022659246,242
121,539,122,0,0.49794238683127573,1.0,0.6648351648351648,0.18456883509833585,0.8154311649016641,0.8439897698209718,0.0002219361,243
121,538,123,0,0.4959016393442623,1.0,0.6630136986301369,0.18608169440242056,0.8139183055975794,0.8427109974424553,0.00021531248,244
121,537,124,0,0.49387755102040815,1.0,0.6612021857923497,0.1875945537065053,0.8124054462934948,0.8414322250639387,0.00021487953,245
121,536,125,0,0.491869918699187,1.0,0.659400544959128,0.18910741301059,0.81089258698941,0.840153452685422,0.0002098937,246
121,535,126,0,0.4898785425101215,1.0,0.657608695652174,0.19062027231467474,0.8093797276853253,0.8388746803069054,0.00020984946,247
121,534,127,0,0.4879032258064516,1.0,0.6558265582655827,0.19213313161875945,0.8078668683812406,0.8375959079283888,0.00020984287,248
121,533,128,0,0.4859437751004016,1.0,0.654054054054054,0.19364599092284418,0.8063540090771558,0.8363171355498721,0.00020979886,249
121,532,129,0,0.484,1.0,0.6522911051212937,0.1951588502269289,0.8048411497730711,0.8350383631713555,0.00020974965,250
121,531,130,0,0.4820717131474104,1.0,0.6505376344086021,0.19667170953101362,0.8033282904689864,0.8337595907928389,0.00020971264,251
121,530,131,0,0.4801587301587302,1.0,0.6487935656836461,0.19818456883509833,0.8018154311649016,0.8324808184143222,0.0002093686,252
121,529,132,0,0.4782608695652174,1.0,0.6470588235294118,0.19969742813918306,0.800302571860817,0.8312020460358056,0.00020931133,253
121,528,133,0,0.4763779527559055,1.0,0.6453333333333333,0.20121028744326777,0.7987897125567323,0.829923273657289,0.0002024863,254
121,527,134,0,0.4745098039215686,1.0,0.6436170212765957,0.2027231467473525,0.7972768532526475,0.8286445012787724,0.00020222504,255
121,526,135,0,0.47265625,1.0,0.6419098143236074,0.2042360060514372,0.7957639939485628,0.8273657289002557,0.00020220269,256
121,525,136,0,0.4708171206225681,1.0,0.6402116402116401,0.20574886535552195,0.794251134644478,0.8260869565217391,0.00020149944,257
121,524,137,0,0.4689922480620155,1.0,0.6385224274406333,0.20726172465960666,0.7927382753403933,0.8248081841432225,0.00020114066,258
121,523,138,0,0.4671814671814672,1.0,0.6368421052631579,0.2087745839636914,0.7912254160363086,0.8235294117647058,0.00020013994,259
121,522,139,0,0.4653846153846154,1.0,0.6351706036745406,0.2102874432677761,0.789712556732224,0.8222506393861893,0.00019918484,260
121,521,140,0,0.46360153256704983,1.0,0.6335078534031414,0.2118003025718608,0.7881996974281392,0.8209718670076727,0.00019895517,261
121,520,141,0,0.4618320610687023,1.0,0.6318537859007832,0.21331316187594554,0.7866868381240545,0.819693094629156,0.00019844684,262
121,519,142,0,0.4600760456273764,1.0,0.6302083333333333,0.21482602118003025,0.7851739788199698,0.8184143222506394,0.00019802366,263
121,518,143,0,0.4583333333333333,1.0,0.6285714285714286,0.21633888048411498,0.783661119515885,0.8171355498721228,0.00019560342,264
121,517,144,0,0.45660377358490567,1.0,0.6269430051813472,0.2178517397881997,0.7821482602118003,0.8158567774936062,0.00019535926,265
121,516,145,0,0.4548872180451128,1.0,0.6253229974160206,0.21936459909228442,0.7806354009077155,0.8145780051150895,0.00018860458,266
121,515,146,0,0.45318352059925093,1.0,0.6237113402061856,0.22087745839636913,0.7791225416036308,0.8132992327365729,0.00018593355,267
121,514,147,0,0.45149253731343286,1.0,0.622107969151671,0.22239031770045387,0.7776096822995462,0.8120204603580563,0.00018477647,268
121,513,148,0,0.44981412639405205,1.0,0.6205128205128205,0.22390317700453857,0.7760968229954615,0.8107416879795396,0.00017451106,269
121,512,149,0,0.44814814814814813,1.0,0.618925831202046,0.2254160363086233,0.7745839636913767,0.809462915601023,0.00017360256,270
121,511,150,0,0.44649446494464945,1.0,0.6173469387755103,0.22692889561270801,0.773071104387292,0.8081841432225064,0.00017339957,271
121,510,151,0,0.44485294117647056,1.0,0.6157760814249363,0.22844175491679275,0.7715582450832073,0.8069053708439897,0.00017315637,272
121,509,152,0,0.4432234432234432,1.0,0.6142131979695431,0.22995461422087746,0.7700453857791225,0.8056265984654731,0.00017291828,273
121,508,153,0,0.4416058394160584,1.0,0.6126582278481013,0.2314674735249622,0.7685325264750378,0.8043478260869565,0.00017279352,274
121,507,154,0,0.44,1.0,0.6111111111111112,0.2329803328290469,0.7670196671709532,0.80306905370844,0.00016962783,275
121,506,155,0,0.4384057971014493,1.0,0.6095717884130982,0.2344931921331316,0.7655068078668684,0.8017902813299232,0.00016894328,276
121,505,156,0,0.4368231046931408,1.0,0.6080402010050251,0.23600605143721634,0.7639939485627837,0.8005115089514067,0.00016725884,277
121,504,157,0,0.4352517985611511,1.0,0.6065162907268171,0.23751891074130105,0.762481089258699,0.7992327365728901,0.00016721881,278
121,503,158,0,0.4336917562724014,1.0,0.605,0.23903177004538578,0.7609682299546142,0.7979539641943734,0.00016689608,279
121,502,159,0,0.43214285714285716,1.0,0.6034912718204489,0.2405446293494705,0.7594553706505295,0.7966751918158568,0.00016600537,280
121,501,160,0,0.4306049822064057,1.0,0.6019900497512437,0.24205748865355523,0.7579425113464447,0.7953964194373402,0.00016571123,281
121,500,161,0,0.42907801418439717,1.0,0.6004962779156328,0.24357034795763993,0.75642965204236,0.7941176470588235,0.00016567869,282
121,499,162,0,0.4275618374558304,1.0,0.599009900990099,0.24508320726172467,0.7549167927382754,0.7928388746803069,0.00016562182,283
121,498,163,0,0.426056338028169,1.0,0.5975308641975309,0.24659606656580937,0.7534039334341907,0.7915601023017903,0.00016495452,284
121,497,164,0,0.4245614035087719,1.0,0.5960591133004925,0.2481089258698941,0.7518910741301059,0.7902813299232737,0.00016491898,285
121,496,165,0,0.4230769230769231,1.0,0.5945945945945945,0.24962178517397882,0.7503782148260212,0.789002557544757,0.00016489021,286
121,495,166,0,0.42160278745644597,1.0,0.5931372549019608,0.25113464447806355,0.7488653555219364,0.7877237851662404,0.00016418623,287
121,494,167,0,0.4201388888888889,1.0,0.5916870415647922,0.2526475037821483,0.7473524962178517,0.7864450127877238,0.00016413818,288
121,493,168,0,0.4186851211072664,1.0,0.5902439024390244,0.25416036308623297,0.745839636913767,0.7851662404092071,0.00016394453,289
121,492,169,0,0.41724137931034483,1.0,0.5888077858880778,0.2556732223903177,0.7443267776096822,0.7838874680306905,0.0001638178,290
121,491,170,0,0.41580756013745707,1.0,0.587378640776699,0.25718608169440244,0.7428139183055976,0.782608695652174,0.00016374723,291
121,490,171,0,0.4143835616438356,1.0,0.585956416464891,0.2586989409984871,0.7413010590015129,0.7813299232736572,0.00016239662,292
121,489,172,0,0.4129692832764505,1.0,0.5845410628019324,0.26021180030257185,0.7397881996974282,0.7800511508951407,0.00015774055,293
121,488,173,0,0.41156462585034015,1.0,0.5831325301204819,0.2617246596066566,0.7382753403933434,0.7787723785166241,0.00015661278,294
121,487,174,0,0.4101694915254237,1.0,0.5817307692307692,0.2632375189107413,0.7367624810892587,0.7774936061381074,0.00015645247,295
121,486,175,0,0.40878378378378377,1.0,0.580335731414868,0.264750378214826,0.735249621785174,0.7762148337595908,0.00015610034,296
121,485,176,0,0.4074074074074074,1.0,0.5789473684210525,0.26626323751891073,0.7337367624810892,0.7749360613810742,0.00015604826,297
121,484,177,0,0.40604026845637586,1.0,0.577565632458234,0.26777609682299547,0.7322239031770046,0.7736572890025576,0.00015578096,298
121,483,178,0,0.40468227424749165,1.0,0.5761904761904763,0.2692889561270802,0.7307110438729199,0.7723785166240409,0.00015560607,299
121,482,179,0,0.4033333333333333,1.0,0.5748218527315915,0.2708018154311649,0.7291981845688351,0.7710997442455243,0.00015307602,300
121,481,180,0,0.4019933554817276,1.0,0.5734597156398105,0.2723146747352496,0.7276853252647504,0.7698209718670077,0.00015024056,301
121,480,181,0,0.40066225165562913,1.0,0.5721040189125296,0.27382753403933435,0.7261724659606656,0.768542199488491,0.00015006617,302
121,479,182,0,0.39933993399339934,1.0,0.570754716981132,0.2753403933434191,0.7246596066565809,0.7672634271099744,0.00014941738,303
121,478,183,0,0.3980263157894737,1.0,0.5694117647058824,0.27685325264750377,0.7231467473524962,0.7659846547314578,0.00014905563,304
121,477,184,0,0.39672131147540984,1.0,0.568075117370892,0.2783661119515885,0.7216338880484114,0.7647058823529411,0.00014900306,305
121,476,185,0,0.3954248366013072,1.0,0.5667447306791569,0.27987897125567324,0.7201210287443268,0.7634271099744245,0.0001473643,306
121,475,186,0,0.3941368078175896,1.0,0.5654205607476636,0.2813918305597579,0.7186081694402421,0.7621483375959079,0.00014727833,307
121,474,187,0,0.39285714285714285,1.0,0.5641025641025641,0.28290468986384265,0.7170953101361573,0.7608695652173914,0.00014713178,308
121,473,188,0,0.39158576051779936,1.0,0.5627906976744186,0.2844175491679274,0.7155824508320726,0.7595907928388747,0.00014712366,309
121,472,189,0,0.3903225806451613,1.0,0.5614849187935035,0.2859304084720121,0.7140695915279879,0.7583120204603581,0.00014711467,310
121,471,190,0,0.3890675241157556,1.0,0.5601851851851852,0.2874432677760968,0.7125567322239031,0.7570332480818415,0.0001470597,311
121,470,191,0,0.38782051282051283,1.0,0.558891454965358,0.28895612708018154,0.7110438729198184,0.7557544757033248,0.00014705466,312
121,469,192,0,0.3865814696485623,1.0,0.5576036866359447,0.29046898638426627,0.7095310136157338,0.7544757033248082,0.00014698118,313
121,468,193,0,0.3853503184713376,1.0,0.5563218390804598,0.291981845688351,0.708018154311649,0.7531969309462916,0.0001459121,314
121,467,194,0,0.38412698412698415,1.0,0.555045871559633,0.2934947049924357,0.7065052950075643,0.7519181585677749,0.0001449627,315
121,466,195,0,0.3829113924050633,1.0,0.5537757437070938,0.2950075642965204,0.7049924357034796,0.7506393861892583,0.00014461891,316
121,465,196,0,0.38170347003154576,1.0,0.5525114155251142,0.29652042360060515,0.7034795763993948,0.7493606138107417,0.00014454144,317
121,464,197,0,0.3805031446540881,1.0,0.55125284738041,0.2980332829046899,0.7019667170953101,0.7480818414322251,0.00014447338,318
121,463,198,0,0.3793103448275862,1.0,0.5499999999999999,0.29954614220877457,0.7004538577912254,0.7468030690537084,0.00014423195,319
121,462,199,0,0.378125,1.0,0.5487528344671202,0.3010590015128593,0.6989409984871406,0.7455242966751918,0.00014422259,320
121,461,200,0,0.37694704049844235,1.0,0.5475113122171946,0.30257186081694404,0.697428139183056,0.7442455242966752,0.00014387522,321
121,460,201,0,0.37577639751552794,1.0,0.54627539503386,0.3040847201210287,0.6959152798789713,0.7429667519181585,0.00014385999,322
121,459,202,0,0.3746130030959752,1.0,0.545045045045045,0.30559757942511345,0.6944024205748865,0.7416879795396419,0.00014350159,323
121,458,203,0,0.3734567901234568,1.0,0.5438202247191011,0.3071104387291982,0.6928895612708018,0.7404092071611253,0.00014309345,324
121,457,204,0,0.3723076923076923,1.0,0.5426008968609866,0.3086232980332829,0.6913767019667171,0.7391304347826086,0.0001425536,325
121,456,205,0,0.37116564417177916,1.0,0.5413870246085011,0.3101361573373676,0.6898638426626323,0.7378516624040921,0.00014243851,326
121,455,206,0,0.37003058103975534,1.0,0.5401785714285714,0.31164901664145234,0.6883509833585476,0.7365728900255755,0.00014195676,327
121,454,207,0,0.36890243902439024,1.0,0.5389755011135857,0.31316187594553707,0.686838124054463,0.7352941176470589,0.00014154815,328
121,453,208,0,0.3677811550151976,1.0,0.5377777777777778,0.3146747352496218,0.6853252647503782,0.7340153452685422,0.00014149565,329
121,452,209,0,0.36666666666666664,1.0,0.5365853658536585,0.3161875945537065,0.6838124054462935,0.7327365728900256,0.0001407668,330
121,451,210,0,0.36555891238670696,1.0,0.5353982300884956,0.3177004538577912,0.6822995461422088,0.731457800511509,0.00014073392,331
121,450,211,0,0.3644578313253012,1.0,0.5342163355408388,0.31921331316187596,0.680786686838124,0.7301790281329923,0.00014050356,332
121,449,212,0,0.3633633633633634,1.0,0.5330396475770925,0.3207261724659607,0.6792738275340393,0.7289002557544757,0.00014047301,333
121,448,213,0,0.36227544910179643,1.0,0.5318681318681319,0.32223903177004537,0.6777609682299546,0.7276214833759591,0.00014044596,334
121,447,214,0,0.3611940298507463,1.0,0.5307017543859649,0.3237518910741301,0.6762481089258698,0.7263427109974424,0.00013882437,335
121,446,215,0,0.3601190476190476,1.0,0.5295404814004376,0.32526475037821484,0.6747352496217852,0.7250639386189258,0.00013870992,336
121,445,216,0,0.3590504451038576,1.0,0.5283842794759825,0.3267776096822995,0.6732223903177005,0.7237851662404092,0.00013846214,337
121,444,217,0,0.35798816568047337,1.0,0.5272331154684096,0.32829046898638425,0.6717095310136157,0.7225063938618926,0.00013845593,338
121,443,218,0,0.35693215339233036,1.0,0.5260869565217391,0.329803328290469,0.670196671709531,0.7212276214833759,0.00013844049,339
121,442,219,0,0.3558823529411765,1.0,0.5249457700650759,0.3313161875945537,0.6686838124054463,0.7199488491048593,0.00013842425,340
121,441,220,0,0.3548387096774194,1.0,0.5238095238095238,0.3328290468986384,0.6671709531013615,0.7186700767263428,0.00013840274,341
121,440,221,0,0.3538011695906433,1.0,0.5226781857451404,0.33434190620272314,0.6656580937972768,0.717391304347826,0.0001376398,342
121,439,222,0,0.35276967930029157,1.0,0.5215517241379312,0.3358547655068079,0.6641452344931922,0.7161125319693095,0.00013746221,343
121,438,223,0,0.35174418604651164,1.0,0.5204301075268818,0.3373676248108926,0.6626323751891074,0.7148337595907929,0.00013738332,344
121,437,224,0,0.3507246376811594,1.0,0.51931330472103,0.3388804841149773,0.6611195158850227,0.7135549872122762,0.00013721314,345
121,436,225,0,0.34971098265895956,1.0,0.5182012847965739,0.340393343419062,0.659606656580938,0.7122762148337596,0.00013636595,346
121,435,226,0,0.34870317002881845,1.0,0.517094017094017,0.34190620272314676,0.6580937972768532,0.710997442455243,0.00013636505,347
121,434,227,0,0.34770114942528735,1.0,0.5159914712153518,0.3434190620272315,0.6565809379727685,0.7097186700767263,0.00013636376,348
121,433,228,0,0.3467048710601719,1.0,0.5148936170212766,0.34493192133131617,0.6550680786686838,0.7084398976982097,0.00013617403,349
121,432,229,0,0.3457142857142857,1.0,0.5138004246284501,0.3464447806354009,0.653555219364599,0.7071611253196931,0.00013616157,350
121,431,230,0,0.34472934472934474,1.0,0.5127118644067797,0.34795763993948564,0.6520423600605144,0.7058823529411765,0.00013607902,351
121,430,231,0,0.34375,1.0,0.5116279069767442,0.3494704992435703,0.6505295007564297,0.7046035805626598,0.00013605761,352
121,429,232,0,0.34277620396600567,1.0,0.510548523206751,0.35098335854765506,0.649016641452345,0.7033248081841432,0.00013604685,353
121,428,233,0,0.3418079096045198,1.0,0.5094736842105263,0.3524962178517398,0.6475037821482602,0.7020460358056266,0.00013599885,354
121,427,234,0,0.3408450704225352,1.0,0.5084033613445378,0.3540090771558245,0.6459909228441755,0.7007672634271099,0.00013595607,355
121,426,235,0,0.3398876404494382,1.0,0.5073375262054507,0.3555219364599092,0.6444780635400907,0.6994884910485933,0.0001336682,356
121,425,236,0,0.3389355742296919,1.0,0.506276150627615,0.35703479576399394,0.642965204236006,0.6982097186700768,0.00013316238,357
121,424,237,0,0.33798882681564246,1.0,0.5052192066805846,0.3585476550680787,0.6414523449319214,0.69693094629156,0.00013291805,358
121,423,238,0,0.3370473537604457,1.0,0.5041666666666667,0.3600605143721634,0.6399394856278366,0.6956521739130435,0.00013289803,359
121,422,239,0,0.33611111111111114,1.0,0.5031185031185031,0.3615733736762481,0.6384266263237519,0.6943734015345269,0.00013270314,360
121,421,240,0,0.33518005540166207,1.0,0.5020746887966805,0.3630862329803328,0.6369137670196672,0.6930946291560103,0.00013259776,361
121,420,241,0,0.3342541436464088,1.0,0.5010351966873706,0.36459909228441756,0.6354009077155824,0.6918158567774936,0.00013259525,362
121,419,242,0,0.3333333333333333,1.0,0.5,0.3661119515885023,0.6338880484114977,0.690537084398977,0.00013130583,363
121,418,243,0,0.3324175824175824,1.0,0.49896907216494846,0.367624810892587,0.632375189107413,0.6892583120204604,0.00012992288,364
121,417,244,0,0.3315068493150685,1.0,0.49794238683127573,0.3691376701966717,0.6308623298033282,0.6879795396419437,0.00012922222,365
121,416,245,0,0.33060109289617484,1.0,0.49691991786447637,0.37065052950075644,0.6293494704992436,0.6867007672634271,0.00012920484,366
121,415,246,0,0.329700272479564,1.0,0.49590163934426224,0.3721633888048411,0.6278366111951589,0.6854219948849105,0.00012916738,367
121,414,247,0,0.328804347826087,1.0,0.49488752556237225,0.37367624810892586,0.6263237518910741,0.6841432225063938,0.00012912798,368
121,413,248,0,0.32791327913279134,1.0,0.4938775510204082,0.3751891074130106,0.6248108925869894,0.6828644501278772,0.00012910803,369
121,412,249,0,0.327027027027027,1.0,0.49287169042769857,0.3767019667170953,0.6232980332829047,0.6815856777493606,0.00012909104,370
121,411,250,0,0.3261455525606469,1.0,0.491869918699187,0.37821482602118,0.6217851739788199,0.680306905370844,0.00012907098,371
121,410,251,0,0.32526881720430106,1.0,0.4908722109533469,0.37972768532526474,0.6202723146747352,0.6790281329923273,0.00012889829,372
121,409,252,0,0.32439678284182305,1.0,0.4898785425101215,0.3812405446293495,0.6187594553706506,0.6777493606138107,0.0001279518,373
121,408,253,0,0.3235294117647059,1.0,0.48888888888888893,0.3827534039334342,0.6172465960665658,0.6764705882352942,0.00012723204,374
121,407,254,0,0.32266666666666666,1.0,0.4879032258064516,0.3842662632375189,0.6157337367624811,0.6751918158567775,0.0001270657,375
121,406,255,0,0.32180851063829785,1.0,0.4869215291750503,0.3857791225416036,0.6142208774583964,0.6739130434782609,0.00012594805,376
121,405,256,0,0.3209549071618037,1.0,0.4859437751004016,0.38729198184568836,0.6127080181543116,0.6726342710997443,0.00012540111,377
121,404,257,0,0.3201058201058201,1.0,0.48496993987975956,0.3888048411497731,0.6111951588502269,0.6713554987212276,0.00012530775,378
121,403,258,0,0.31926121372031663,1.0,0.48400000000000004,0.3903177004538578,0.6096822995461422,0.670076726342711,0.00012530752,379
121,402,259,0,0.31842105263157894,1.0,0.48303393213572854,0.3918305597579425,0.6081694402420574,0.6687979539641944,0.00012389035,380
121,401,260,0,0.31758530183727035,1.0,0.4820717131474104,0.39334341906202724,0.6066565809379728,0.6675191815856778,0.00012372235,381
121,400,261,0,0.31675392670157065,1.0,0.48111332007952284,0.394856278366112,0.6051437216338881,0.6662404092071611,0.00012363378,382
121,399,262,0,0.31592689295039167,1.0,0.48015873015873023,0.39636913767019666,0.6036308623298033,0.6649616368286445,0.0001234924,383
121,398,263,0,0.3151041666666667,1.0,0.4792079207920792,0.3978819969742814,0.6021180030257186,0.6636828644501279,0.00012230853,384
121,397,264,0,0.3142857142857143,1.0,0.4782608695652174,0.39939485627836613,0.6006051437216339,0.6624040920716112,0.00012213767,385
121,396,265,0,0.3134715025906736,1.0,0.47731755424063116,0.4009077155824508,0.5990922844175491,0.6611253196930946,0.000121888916,386
121,395,266,0,0.31266149870801035,1.0,0.47637795275590555,0.40242057488653554,0.5975794251134644,0.659846547314578,0.00012174824,387
121,394,267,0,0.3118556701030928,1.0,0.47544204322200395,0.4039334341906203,0.5960665658093798,0.6585677749360613,0.00012148802,388
121,393,268,0,0.3110539845758355,1.0,0.4745098039215686,0.405446293494705,0.594553706505295,0.6572890025575447,0.000121421646,389
121,392,269,0,0.31025641025641026,1.0,0.47358121330724073,0.4069591527987897,0.5930408472012103,0.6560102301790282,0.000121390614,390
121,391,270,0,0.309462915601023,1.0,0.47265625000000006,0.4084720121028744,0.5915279878971256,0.6547314578005116,0.000121381825,391
121,390,271,0,0.3086734693877551,1.0,0.47173489278752434,0.40998487140695916,0.5900151285930408,0.6534526854219949,0.000121067635,392
121,389,272,0,0.30788804071246817,1.0,0.47081712062256803,0.4114977307110439,0.5885022692889561,0.6521739130434783,0.00012090773,393
121,388,273,0,0.30710659898477155,1.0,0.46990291262135914,0.4130105900151286,0.5869894099848714,0.6508951406649617,0.000120749435,394
121,387,274,0,0.30632911392405066,1.0,0.4689922480620155,0.4145234493192133,0.5854765506807866,0.649616368286445,0.00011932256,395
121,386,275,0,0.3055555555555556,1.0,0.46808510638297873,0.41603630862329805,0.583963691376702,0.6483375959079284,0.00011931073,396
121,385,276,0,0.3047858942065491,1.0,0.4671814671814672,0.4175491679273828,0.5824508320726173,0.6470588235294118,0.00011930676,397
121,384,277,0,0.30402010050251255,1.0,0.4662813102119461,0.41906202723146746,0.5809379727685325,0.6457800511508951,0.00011930482,398
121,383,278,0,0.3032581453634085,1.0,0.4653846153846154,0.4205748865355522,0.5794251134644478,0.6445012787723785,0.00011916997,399
121,382,279,0,0.3025,1.0,0.46449136276391556,0.42208774583963693,0.5779122541603631,0.6432225063938619,0.00011759861,400
121,381,280,0,0.30174563591022446,1.0,0.46360153256704983,0.4236006051437216,0.5763993948562783,0.6419437340153452,0.00011750815,401
121,380,281,0,0.3009950248756219,1.0,0.4627151051625239,0.42511346444780634,0.5748865355521936,0.6406649616368286,0.00011684522,402
121,379,282,0,0.3002481389578164,1.0,0.4618320610687023,0.4266263237518911,0.573373676248109,0.639386189258312,0.00011680936,403
121,378,283,0,0.2995049504950495,1.0,0.4609523809523809,0.4281391830559758,0.5718608169440242,0.6381074168797954,0.00011679376,404
121,377,284,0,0.29876543209876544,1.0,0.4600760456273765,0.4296520423600605,0.5703479576399395,0.6368286445012787,0.000116783405,405
121,376,285,0,0.29802955665024633,1.0,0.4592030360531309,0.43116490166414523,0.5688350983358548,0.6355498721227621,0.00011660758,406
121,375,286,0,0.2972972972972973,1.0,0.4583333333333333,0.43267776096822996,0.56732223903177,0.6342710997442456,0.00011660748,407
121,374,287,0,0.2965686274509804,1.0,0.45746691871455575,0.4341906202723147,0.5658093797276853,0.6329923273657289,0.00011660436,408
121,373,288,0,0.29584352078239606,1.0,0.45660377358490567,0.4357034795763994,0.5642965204236006,0.6317135549872123,0.00011659436,409
121,372,289,0,0.2951219512195122,1.0,0.455743879472693,0.4372163388804841,0.5627836611195158,0.6304347826086957,0.000116584575,410
121,371,290,0,0.2944038929440389,1.0,0.45488721804511273,0.43872919818456885,0.5612708018154312,0.629156010230179,0.00011657734,411
121,370,291,0,0.2936893203883495,1.0,0.4540337711069418,0.4402420574886536,0.5597579425113465,0.6278772378516624,0.00011618836,412
121,369,292,0,0.2929782082324455,1.0,0.453183520599251,0.44175491679273826,0.5582450832072617,0.6265984654731458,0.00011607365,413
121,368,293,0,0.2922705314009662,1.0,0.4523364485981309,0.443267776096823,0.556732223903177,0.6253196930946292,0.0001160046,414
121,367,294,0,0.29156626506024097,1.0,0.45149253731343286,0.44478063540090773,0.5552193645990923,0.6240409207161125,0.000115968105,415
121,366,295,0,0.29086538461538464,1.0,0.4506517690875233,0.4462934947049924,0.5537065052950075,0.6227621483375959,0.000115769435,416
121,365,296,0,0.290167865707434,1.0,0.449814126394052,0.44780635400907715,0.5521936459909228,0.6214833759590793,0.00011574813,417
121,364,297,0,0.2894736842105263,1.0,0.4489795918367347,0.4493192133131619,0.5506807866868382,0.6202046035805626,0.00011572231,418
121,363,298,0,0.28878281622911695,1.0,0.44814814814814813,0.4508320726172466,0.5491679273827534,0.618925831202046,0.000115714036,419
121,362,299,0,0.28809523809523807,1.0,0.44731977818853974,0.4523449319213313,0.5476550680786687,0.6176470588235294,0.000115706425,420
121,361,300,0,0.28741092636579574,1.0,0.44649446494464945,0.45385779122541603,0.546142208774584,0.6163682864450127,0.000115676754,421
121,360,301,0,0.28672985781990523,1.0,0.4456721915285452,0.45537065052950076,0.5446293494704992,0.6150895140664961,0.00011567542,422
121,359,302,0,0.2860520094562648,1.0,0.4448529411764706,0.4568835098335855,0.5431164901664145,0.6138107416879796,0.00011567311,423
121,358,303,0,0.28537735849056606,1.0,0.44403669724770645,0.4583963691376702,0.5416036308623298,0.612531969309463,0.00011539449,424
121,357,304,0,0.2847058823529412,1.0,0.44322344322344326,0.4599092284417549,0.540090771558245,0.6112531969309463,0.00011516705,425
121,356,305,0,0.284037558685446,1.0,0.4424131627056673,0.46142208774583965,0.5385779122541604,0.6099744245524297,0.000114721064,426
121,355,306,0,0.28337236533957844,1.0,0.44160583941605835,0.4629349470499244,0.5370650529500757,0.6086956521739131,0.00011434024,427
121,354,307,0,0.2827102803738318,1.0,0.4408014571948998,0.46444780635400906,0.5355521936459909,0.6074168797953964,0.00011418084,428
121,353,308,0,0.28205128205128205,1.0,0.44000000000000006,0.4659606656580938,0.5340393343419062,0.6061381074168798,0.000113525966,429
121,352,309,0,0.2813953488372093,1.0,0.43920145190562615,0.46747352496217853,0.5325264750378215,0.6048593350383632,0.000113494796,430
121,351,310,0,0.28074245939675174,1.0,0.4384057971014493,0.4689863842662632,0.5310136157337367,0.6035805626598465,0.00011166416,431
121,350,311,0,0.2800925925925926,1.0,0.437613019891501,0.47049924357034795,0.529500756429652,0.6023017902813299,0.00011128382,432
121,349,312,0,0.279445727482679,1.0,0.43682310469314084,0.4720121028744327,0.5279878971255674,0.6010230179028133,0.00011119854,433
121,348,313,0,0.27880184331797236,1.0,0.436036036036036,0.4735249621785174,0.5264750378214826,0.5997442455242967,0.00010986325,434
121,347,314,0,0.27816091954022987,1.0,0.43525179856115104,0.4750378214826021,0.5249621785173979,0.59846547314578,0.000109831,435
121,346,315,0,0.2775229357798165,1.0,0.4344703770197486,0.47655068078668683,0.5234493192133132,0.5971867007672634,0.00010956969,436
121,345,316,0,0.2768878718535469,1.0,0.4336917562724014,0.47806354009077157,0.5219364599092284,0.5959079283887468,0.000109056,437
121,344,317,0,0.2762557077625571,1.0,0.4329159212880143,0.4795763993948563,0.5204236006051437,0.5946291560102301,0.0001090217,438
121,343,318,0,0.275626423690205,1.0,0.4321428571428571,0.481089258698941,0.518910741301059,0.5933503836317136,0.00010893939,439
121,342,319,0,0.275,1.0,0.4313725490196079,0.4826021180030257,0.5173978819969742,0.592071611253197,0.00010838276,440
121,341,320,0,0.2743764172335601,1.0,0.4306049822064057,0.48411497730711045,0.5158850226928896,0.5907928388746803,0.00010780204,441
121,340,321,0,0.2737556561085973,1.0,0.4298401420959148,0.4856278366111952,0.5143721633888049,0.5895140664961637,0.00010776792,442
121,339,322,0,0.27313769751693,1.0,0.42907801418439717,0.48714069591527986,0.5128593040847201,0.5882352941176471,0.00010776114,443
121,338,323,0,0.2725225225225225,1.0,0.4283185840707964,0.4886535552193646,0.5113464447806354,0.5869565217391305,0.00010776073,444
121,337,324,0,0.27191011235955054,1.0,0.4275618374558303,0.49016641452344933,0.5098335854765507,0.5856777493606138,0.00010775066,445
121,336,325,0,0.2713004484304933,1.0,0.4268077601410935,0.491679273827534,0.5083207261724659,0.5843989769820972,0.000107736174,446
121,335,326,0,0.27069351230425054,1.0,0.42605633802816895,0.49319213313161875,0.5068078668683812,0.5831202046035806,0.00010755141,447
121,334,327,0,0.2700892857142857,1.0,0.4253075571177505,0.4947049924357035,0.5052950075642966,0.5818414322250639,0.000107546184,448
121,333,328,0,0.26948775055679286,1.0,0.42456140350877186,0.4962178517397882,0.5037821482602118,0.5805626598465473,0.00010754515,449
121,332,329,0,0.2688888888888889,1.0,0.4238178633975482,0.4977307110438729,0.5022692889561271,0.5792838874680307,0.00010753357,450
121,331,330,0,0.2682926829268293,1.0,0.4230769230769231,0.49924357034795763,0.5007564296520424,0.578005115089514,0.00010733165,451
121,330,331,0,0.2676991150442478,1.0,0.4223385689354276,0.5007564296520424,0.49924357034795763,0.5767263427109974,0.00010635369,452
121,329,332,0,0.2671081677704194,1.0,0.42160278745644597,0.5022692889561271,0.4977307110438729,0.5754475703324808,0.00010550581,453
121,328,333,0,0.2665198237885463,1.0,0.42086956521739133,0.5037821482602118,0.4962178517397882,0.5741687979539642,0.00010531673,454
121,327,334,0,0.26593406593406593,1.0,0.4201388888888889,0.5052950075642966,0.4947049924357035,0.5728900255754475,0.00010515045,455
121,326,335,0,0.26535087719298245,1.0,0.4194107452339688,0.5068078668683812,0.49319213313161875,0.571611253196931,0.00010512378,456
121,325,336,0,0.2647702407002188,1.0,0.4186851211072664,0.5083207261724659,0.491679273827534,0.5703324808184144,0.00010470291,457
121,324,337,0,0.26419213973799127,1.0,0.4179620034542314,0.5098335854765507,0.49016641452344933,0.5690537084398977,0.000104548366,458
121,323,338,0,0.2636165577342048,1.0,0.4172413793103448,0.5113464447806354,0.4886535552193646,0.5677749360613811,0.00010452214,459
121,322,339,0,0.26304347826086955,1.0,0.4165232358003442,0.5128593040847201,0.48714069591527986,0.5664961636828645,0.00010450461,460
121,321,340,0,0.26247288503253796,1.0,0.41580756013745707,0.5143721633888049,0.4856278366111952,0.5652173913043478,0.00010442869,461
121,320,341,0,0.2619047619047619,1.0,0.41509433962264153,0.5158850226928896,0.48411497730711045,0.5639386189258312,0.00010300847,462
121,319,342,0,0.2613390928725702,1.0,0.4143835616438356,0.5173978819969742,0.4826021180030257,0.5626598465473146,0.0001029957,463
121,318,343,0,0.2607758620689655,1.0,0.4136752136752137,0.518910741301059,0.481089258698941,0.5613810741687979,0.00010299236,464
121,317,344,0,0.26021505376344084,1.0,0.4129692832764505,0.5204236006051437,0.4795763993948563,0.5601023017902813,0.000102886144,465
121,316,345,0,0.259656652360515,1.0,0.4122657580919931,0.5219364599092284,0.47806354009077157,0.5588235294117647,0.00010261455,466
121,315,346,0,0.25910064239828695,1.0,0.41156462585034015,0.5234493192133132,0.47655068078668683,0.5575447570332481,0.000102561135,467
121,314,347,0,0.25854700854700857,1.0,0.4108658743633277,0.5249621785173979,0.4750378214826021,0.5562659846547314,0.000101045596,468
121,313,348,0,0.2579957356076759,1.0,0.41016949152542376,0.5264750378214826,0.4735249621785174,0.5549872122762148,0.00010097355,469
121,312,349,0,0.2574468085106383,1.0,0.40947546531302875,0.5279878971255674,0.4720121028744327,0.5537084398976982,0.000100342535,470
121,311,350,0,0.25690021231422505,1.0,0.4087837837837838,0.529500756429652,0.47049924357034795,0.5524296675191815,0.00010034197,471
121,310,351,0,0.2563559322033898,1.0,0.40809443507588533,0.5310136157337367,0.4689863842662632,0.551150895140665,0.000100178666,472
121,309,352,0,0.2558139534883721,1.0,0.40740740740740744,0.5325264750378215,0.46747352496217853,0.5498721227621484,9.958453e-05,473
121,308,353,0,0.2552742616033755,1.0,0.40672268907563025,0.5340393343419062,0.4659606656580938,0.5485933503836317,9.954713e-05,474
121,307,354,0,0.25473684210526315,1.0,0.4060402684563758,0.5355521936459909,0.46444780635400906,0.5473145780051151,9.9544275e-05,475
121,306,355,0,0.2542016806722689,1.0,0.4053601340033501,0.5370650529500757,0.4629349470499244,0.5460358056265985,9.9306686e-05,476
121,305,356,0,0.25366876310272535,1.0,0.40468227424749165,0.5385779122541604,0.46142208774583965,0.5447570332480819,9.913335e-05,477
121,304,357,0,0.25313807531380755,1.0,0.40400667779632726,0.540090771558245,0.4599092284417549,0.5434782608695652,9.9072866e-05,478
121,303,358,0,0.25260960334029225,1.0,0.4033333333333333,0.5416036308623298,0.4583963691376702,0.5421994884910486,9.887655e-05,479
121,302,359,0,0.2520833333333333,1.0,0.4026622296173045,0.5431164901664145,0.4568835098335855,0.540920716112532,9.863924e-05,480
121,301,360,0,0.2515592515592516,1.0,0.4019933554817276,0.5446293494704992,0.45537065052950076,0.5396419437340153,9.85973e-05,481
121,300,361,0,0.25103734439834025,1.0,0.4013266998341625,0.546142208774584,0.45385779122541603,0.5383631713554987,9.859542e-05,482
121,299,362,0,0.2505175983436853,1.0,0.40066225165562913,0.5476550680786687,0.4523449319213313,0.5370843989769821,9.856853e-05,483
121,298,363,0,0.25,1.0,0.4,0.5491679273827534,0.4508320726172466,0.5358056265984654,9.856045e-05,484
121,297,364,0,0.24948453608247423,1.0,0.39933993399339934,0.5506807866868382,0.4493192133131619,0.5345268542199488,9.845186e-05,485
121,296,365,0,0.24897119341563786,1.0,0.3986820428336079,0.5521936459909228,0.44780635400907715,0.5332480818414322,9.835972e-05,486
121,295,366,0,0.24845995893223818,1.0,0.3980263157894737,0.5537065052950075,0.4462934947049924,0.5319693094629157,9.835239e-05,487
121,294,367,0,0.24795081967213115,1.0,0.3973727422003284,0.5552193645990923,0.44478063540090773,0.530690537084399,9.8254626e-05,488
121,293,368,0,0.2474437627811861,1.0,0.39672131147540984,0.556732223903177,0.443267776096823,0.5294117647058824,9.82387e-05,489
121,292,369,0,0.24693877551020407,1.0,0.39607201309328965,0.5582450832072617,0.44175491679273826,0.5281329923273658,9.803329e-05,490
121,291,370,0,0.24643584521384929,1.0,0.3954248366013072,0.5597579425113465,0.4402420574886536,0.5268542199488491,9.802235e-05,491
121,290,371,0,0.2459349593495935,1.0,0.3947797716150082,0.5612708018154312,0.43872919818456885,0.5255754475703325,9.7689874e-05,492
121,289,372,0,0.24543610547667344,1.0,0.3941368078175896,0.5627836611195158,0.4372163388804841,0.5242966751918159,9.757406e-05,493
121,288,373,0,0.24493927125506074,1.0,0.39349593495934965,0.5642965204236006,0.4357034795763994,0.5230179028132992,9.754131e-05,494
121,287,374,0,0.24444444444444444,1.0,0.39285714285714285,0.5658093797276853,0.4341906202723147,0.5217391304347826,9.72278e-05,495
121,286,375,0,0.2439516129032258,1.0,0.39222042139384117,0.56732223903177,0.43267776096822996,0.520460358056266,9.7152e-05,496
121,285,376,0,0.24346076458752516,1.0,0.3915857605177994,0.5688350983358548,0.43116490166414523,0.5191815856777494,9.689691e-05,497
121,284,377,0,0.2429718875502008,1.0,0.39095315024232635,0.5703479576399395,0.4296520423600605,0.5179028132992327,9.613917e-05,498
121,283,378,0,0.24248496993987975,1.0,0.3903225806451613,0.5718608169440242,0.4281391830559758,0.5166240409207161,9.612973e-05,499
121,282,379,0,0.242,1.0,0.3896940418679549,0.573373676248109,0.4266263237518911,0.5153452685421995,9.612303e-05,500
121,281,380,0,0.24151696606786427,1.0,0.3890675241157556,0.5748865355521936,0.42511346444780634,0.5140664961636828,9.6060634e-05,501
121,280,381,0,0.2410358565737052,1.0,0.3884430176565008,0.5763993948562783,0.4236006051437216,0.5127877237851662,9.6001575e-05,502
121,279,382,0,0.24055666003976142,1.0,0.3878205128205128,0.5779122541603631,0.42208774583963693,0.5115089514066496,9.595489e-05,503
121,278,383,0,0.2400793650793651,1.0,0.3872,0.5794251134644478,0.4205748865355522,0.510230179028133,9.595398e-05,504
121,277,384,0,0.2396039603960396,1.0,0.38658146964856227,0.5809379727685325,0.41906202723146746,0.5089514066496164,9.592305e-05,505
121,276,385,0,0.2391304347826087,1.0,0.3859649122807018,0.5824508320726173,0.4175491679273828,0.5076726342710998,9.58777e-05,506
121,275,386,0,0.23865877712031558,1.0,0.38535031847133755,0.583963691376702,0.41603630862329805,0.5063938618925832,9.5811345e-05,507
121,274,387,0,0.23818897637795275,1.0,0.3847376788553259,0.5854765506807866,0.4145234493192133,0.5051150895140665,9.532434e-05,508
121,273,388,0,0.23772102161100198,1.0,0.38412698412698415,0.5869894099848714,0.4130105900151286,0.5038363171355499,9.5185635e-05,509
121,272,389,0,0.2372549019607843,1.0,0.38351822503961963,0.5885022692889561,0.4114977307110439,0.5025575447570333,9.5054565e-05,510
121,271,390,0,0.23679060665362034,1.0,0.3829113924050633,0.5900151285930408,0.40998487140695916,0.5012787723785166,9.401052e-05,511
121,270,391,0,0.236328125,1.0,0.382306477093207,0.5915279878971256,0.4084720121028744,0.5,9.3983006e-05,512
121,269,392,0,0.23586744639376217,1.0,0.3817034700315457,0.5930408472012103,0.4069591527987897,0.49872122762148335,9.397529e-05,513
121,268,393,0,0.23540856031128404,1.0,0.3811023622047244,0.594553706505295,0.405446293494705,0.49744245524296676,9.335321e-05,514
121,267,394,0,0.23495145631067962,1.0,0.3805031446540881,0.5960665658093798,0.4039334341906203,0.4961636828644501,9.329429e-05,515
121,266,395,0,0.23449612403100775,1.0,0.37990580847723704,0.5975794251134644,0.40242057488653554,0.4948849104859335,9.273461e-05,516
121,265,396,0,0.23404255319148937,1.0,0.3793103448275862,0.5990922844175491,0.4009077155824508,0.4936061381074169,9.27187e-05,517
121,264,397,0,0.2335907335907336,1.0,0.378716744913928,0.6006051437216339,0.39939485627836613,0.49232736572890023,9.270915e-05,518
121,263,398,0,0.23314065510597304,1.0,0.378125,0.6021180030257186,0.3978819969742814,0.49104859335038364,9.255599e-05,519
121,262,399,0,0.2326923076923077,1.0,0.37753510140405616,0.6036308623298033,0.39636913767019666,0.489769820971867,9.2371614e-05,520
121,261,400,0,0.23224568138195778,1.0,0.37694704049844235,0.6051437216338881,0.394856278366112,0.4884910485933504,9.211002e-05,521
121,260,401,0,0.23180076628352492,1.0,0.37636080870917576,0.6066565809379728,0.39334341906202724,0.48721227621483376,9.2063136e-05,522
121,259,402,0,0.23135755258126195,1.0,0.375776397515528,0.6081694402420574,0.3918305597579425,0.4859335038363171,9.160365e-05,523
121,258,403,0,0.23091603053435114,1.0,0.37519379844961237,0.6096822995461422,0.3903177004538578,0.4846547314578005,9.1237154e-05,524
121,257,404,0,0.23047619047619047,1.0,0.3746130030959752,0.6111951588502269,0.3888048411497731,0.4833759590792839,9.082924e-05,525
121,256,405,0,0.2300380228136882,1.0,0.3740340030911901,0.6127080181543116,0.38729198184568836,0.4820971867007673,9.040858e-05,526
121,255,406,0,0.22960151802656548,1.0,0.37345679012345684,0.6142208774583964,0.3857791225416036,0.48081841432225064,9.0400565e-05,527
121,254,407,0,0.22916666666666666,1.0,0.37288135593220334,0.6157337367624811,0.3842662632375189,0.479539641943734,9.038591e-05,528
121,253,408,0,0.22873345935727787,1.0,0.3723076923076923,0.6172465960665658,0.3827534039334342,0.4782608695652174,9.033766e-05,529
121,252,409,0,0.22830188679245284,1.0,0.37173579109062976,0.6187594553706506,0.3812405446293495,0.47698209718670076,9.032302e-05,530
121,251,410,0,0.2278719397363465,1.0,0.37116564417177916,0.6202723146747352,0.37972768532526474,0.47570332480818417,9.029253e-05,531
121,250,411,0,0.2274436090225564,1.0,0.3705972434915773,0.6217851739788199,0.37821482602118,0.4744245524296675,9.027866e-05,532
121,249,412,0,0.2270168855534709,1.0,0.37003058103975534,0.6232980332829047,0.3767019667170953,0.4731457800511509,9.0213696e-05,533
121,248,413,0,0.22659176029962547,1.0,0.3694656488549618,0.6248108925869894,0.3751891074130106,0.4718670076726343,9.020681e-05,534
121,247,414,0,0.2261682242990654,1.0,0.36890243902439024,0.6263237518910741,0.37367624810892586,0.47058823529411764,9.0203896e-05,535
121,246,415,0,0.22574626865671643,1.0,0.36834094368340947,0.6278366111951589,0.3721633888048411,0.46930946291560105,9.0170775e-05,536
121,245,416,0,0.22532588454376165,1.0,0.3677811550151976,0.6293494704992436,0.37065052950075644,0.4680306905370844,9.01706e-05,537
121,244,417,0,0.22490706319702602,1.0,0.36722306525037934,0.6308623298033282,0.3691376701966717,0.46675191815856776,9.016579e-05,538
121,243,418,0,0.22448979591836735,1.0,0.36666666666666664,0.632375189107413,0.367624810892587,0.46547314578005117,9.004807e-05,539
121,242,419,0,0.22407407407407406,1.0,0.36611195158850224,0.6338880484114977,0.3661119515885023,0.4641943734015345,8.995675e-05,540
121,241,420,0,0.22365988909426987,1.0,0.36555891238670696,0.6354009077155824,0.36459909228441756,0.4629156010230179,8.9918925e-05,541
121,240,421,0,0.22324723247232472,1.0,0.36500754147812975,0.6369137670196672,0.3630862329803328,0.4616368286445013,8.9894755e-05,542
121,239,422,0,0.22283609576427257,1.0,0.36445783132530124,0.6384266263237519,0.3615733736762481,0.46035805626598464,8.9780304e-05,543
121,238,423,0,0.22242647058823528,1.0,0.3639097744360902,0.6399394856278366,0.3600605143721634,0.45907928388746805,8.9727575e-05,544
121,237,424,0,0.22201834862385322,1.0,0.3633633633633634,0.6414523449319214,0.3585476550680787,0.4578005115089514,8.960411e-05,545
121,236,425,0,0.2216117216117216,1.0,0.3628185907046476,0.642965204236006,0.35703479576399394,0.45652173913043476,8.95485e-05,546
121,235,426,0,0.22120658135283364,1.0,0.3622754491017964,0.6444780635400907,0.3555219364599092,0.45524296675191817,8.9468274e-05,547
121,234,427,0,0.2208029197080292,1.0,0.3617339312406577,0.6459909228441755,0.3540090771558245,0.4539641943734015,8.9451634e-05,548
121,233,428,0,0.2204007285974499,1.0,0.3611940298507463,0.6475037821482602,0.3524962178517398,0.45268542199488493,8.9433386e-05,549
121,232,429,0,0.22,1.0,0.36065573770491804,0.649016641452345,0.35098335854765506,0.4514066496163683,8.9395784e-05,550
121,231,430,0,0.21960072595281308,1.0,0.36011904761904767,0.6505295007564297,0.3494704992435703,0.45012787723785164,8.938718e-05,551
121,230,431,0,0.21920289855072464,1.0,0.35958395245170877,0.6520423600605144,0.34795763993948564,0.44884910485933505,8.936979e-05,552
121,229,432,0,0.21880650994575046,1.0,0.3590504451038576,0.653555219364599,0.3464447806354009,0.4475703324808184,8.936706e-05,553
121,228,433,0,0.2184115523465704,1.0,0.3585185185185185,0.6550680786686838,0.34493192133131617,0.4462915601023018,8.930845e-05,554
121,227,434,0,0.218018018018018,1.0,0.35798816568047337,0.6565809379727685,0.3434190620272315,0.44501278772378516,8.925192e-05,555
121,226,435,0,0.21762589928057555,1.0,0.35745937961595275,0.6580937972768532,0.34190620272314676,0.4437340153452685,8.9239664e-05,556
121,225,436,0,0.21723518850987433,1.0,0.35693215339233036,0.659606656580938,0.340393343419062,0.4424552429667519,8.9230816e-05,557
121,224,437,0,0.2168458781362007,1.0,0.3564064801178203,0.6611195158850227,0.3388804841149773,0.4411764705882353,8.918496e-05,558
121,223,438,0,0.21645796064400716,1.0,0.3558823529411765,0.6626323751891074,0.3373676248108926,0.4398976982097187,8.9152134e-05,559
121,222,439,0,0.21607142857142858,1.0,0.35535976505139505,0.6641452344931922,0.3358547655068079,0.43861892583120204,8.898643e-05,560
121,221,440,0,0.21568627450980393,1.0,0.3548387096774193,0.6656580937972768,0.33434190620272314,0.4373401534526854,8.8855e-05,561
121,220,441,0,0.21530249110320285,1.0,0.35431918008784774,0.6671709531013615,0.3328290468986384,0.4360613810741688,8.8663124e-05,562
121,219,442,0,0.21492007104795738,1.0,0.3538011695906433,0.6686838124054463,0.3313161875945537,0.43478260869565216,8.86507e-05,563
121,218,443,0,0.21453900709219859,1.0,0.3532846715328467,0.670196671709531,0.329803328290469,0.43350383631713557,8.805453e-05,564
121,217,444,0,0.21415929203539824,1.0,0.3527696793002915,0.6717095310136157,0.32829046898638425,0.4322250639386189,8.7828776e-05,565
121,216,445,0,0.2137809187279152,1.0,0.3522561863173217,0.6732223903177005,0.3267776096822995,0.4309462915601023,8.775485e-05,566
121,215,446,0,0.21340388007054673,1.0,0.35174418604651164,0.6747352496217852,0.32526475037821484,0.4296675191815857,8.757403e-05,567
121,214,447,0,0.2130281690140845,1.0,0.35123367198838895,0.6762481089258698,0.3237518910741301,0.42838874680306904,8.732903e-05,568
121,213,448,0,0.2126537785588752,1.0,0.3507246376811594,0.6777609682299546,0.32223903177004537,0.42710997442455245,8.706079e-05,569
121,212,449,0,0.21228070175438596,1.0,0.35021707670043417,0.6792738275340393,0.3207261724659607,0.4258312020460358,8.704958e-05,570
121,211,450,0,0.2119089316987741,1.0,0.34971098265895956,0.680786686838124,0.31921331316187596,0.42455242966751916,8.701597e-05,571
121,210,451,0,0.21153846153846154,1.0,0.34920634920634924,0.6822995461422088,0.3177004538577912,0.42327365728900257,8.692134e-05,572
121,209,452,0,0.2111692844677138,1.0,0.34870317002881845,0.6838124054462935,0.3161875945537065,0.4219948849104859,8.6912805e-05,573
121,208,453,0,0.21080139372822299,1.0,0.34820143884892085,0.6853252647503782,0.3146747352496218,0.42071611253196933,8.6909495e-05,574
121,207,454,0,0.21043478260869566,1.0,0.3477011494252874,0.686838124054463,0.31316187594553707,0.4194373401534527,8.642396e-05,575
121,206,455,0,0.21006944444444445,1.0,0.3472022955523673,0.6883509833585476,0.31164901664145234,0.41815856777493604,8.6408545e-05,576
121,205,456,0,0.2097053726169844,1.0,0.34670487106017195,0.6898638426626323,0.3101361573373676,0.41687979539641945,8.635929e-05,577
121,204,457,0,0.2093425605536332,1.0,0.34620886981402,0.6913767019667171,0.3086232980332829,0.4156010230179028,8.6301414e-05,578
121,203,458,0,0.20898100172711573,1.0,0.34571428571428575,0.6928895612708018,0.3071104387291982,0.4143222506393862,8.4758896e-05,579
121,202,459,0,0.20862068965517241,1.0,0.34522111269614836,0.6944024205748865,0.30559757942511345,0.41304347826086957,8.4725194e-05,580
121,201,460,0,0.2082616179001721,1.0,0.3447293447293447,0.6959152798789713,0.3040847201210287,0.4117647058823529,8.455175e-05,581
121,200,461,0,0.20790378006872853,1.0,0.34423897581792323,0.697428139183056,0.30257186081694404,0.41048593350383633,8.452128e-05,582
121,199,462,0,0.20754716981132076,1.0,0.34375000000000006,0.6989409984871406,0.3010590015128593,0.4092071611253197,8.434535e-05,583
121,198,463,0,0.2071917808219178,1.0,0.3432624113475178,0.7004538577912254,0.29954614220877457,0.4079283887468031,8.417268e-05,584
121,197,464,0,0.20683760683760682,1.0,0.34277620396600567,0.7019667170953101,0.2980332829046899,0.40664961636828645,8.401599e-05,585
121,196,465,0,0.20648464163822525,1.0,0.34229137199434223,0.7034795763993948,0.29652042360060515,0.4053708439897698,8.398242e-05,586
121,195,466,0,0.2061328790459966,1.0,0.34180790960451973,0.7049924357034796,0.2950075642965204,0.4040920716112532,8.396873e-05,587
121,194,467,0,0.20578231292517007,1.0,0.3413258110014104,0.7065052950075643,0.2934947049924357,0.40281329923273657,8.368024e-05,588
121,193,468,0,0.20543293718166383,1.0,0.3408450704225352,0.708018154311649,0.291981845688351,0.40153452685422,8.360918e-05,589
121,192,469,0,0.20508474576271185,1.0,0.340365682137834,0.7095310136157338,0.29046898638426627,0.40025575447570333,8.343467e-05,590
121,191,470,0,0.20473773265651438,1.0,0.3398876404494382,0.7110438729198184,0.28895612708018154,0.3989769820971867,8.341837e-05,591
121,190,471,0,0.20439189189189189,1.0,0.3394109396914446,0.7125567322239031,0.2874432677760968,0.3976982097186701,8.332058e-05,592
121,189,472,0,0.20404721753794267,1.0,0.3389355742296919,0.7140695915279879,0.2859304084720121,0.39641943734015345,8.321862e-05,593
121,188,473,0,0.2037037037037037,1.0,0.3384615384615384,0.7155824508320726,0.2844175491679274,0.39514066496163686,8.303868e-05,594
121,187,474,0,0.20336134453781513,1.0,0.33798882681564246,0.7170953101361573,0.28290468986384265,0.3938618925831202,8.2903694e-05,595
121,186,475,0,0.20302013422818793,1.0,0.3375174337517434,0.7186081694402421,0.2813918305597579,0.39258312020460356,8.2616585e-05,596
121,185,476,0,0.20268006700167504,1.0,0.3370473537604457,0.7201210287443268,0.27987897125567324,0.391304347826087,8.2575476e-05,597
121,184,477,0,0.20234113712374582,1.0,0.33657858136300417,0.7216338880484114,0.2783661119515885,0.3900255754475703,8.2251216e-05,598
121,183,478,0,0.2020033388981636,1.0,0.3361111111111111,0.7231467473524962,0.27685325264750377,0.3887468030690537,8.2221966e-05,599
121,182,479,0,0.20166666666666666,1.0,0.3356449375866852,0.7246596066565809,0.2753403933434191,0.3874680306905371,8.22026e-05,600
121,181,480,0,0.20133111480865223,1.0,0.335180055401662,0.7261724659606656,0.27382753403933435,0.38618925831202044,8.21979e-05,601
121,180,481,0,0.2009966777408638,1.0,0.33471645919778703,0.7276853252647504,0.2723146747352496,0.38491048593350385,8.2193896e-05,602
121,179,482,0,0.20066334991708126,1.0,0.3342541436464088,0.7291981845688351,0.2708018154311649,0.3836317135549872,8.203862e-05,603
121,178,483,0,0.20033112582781457,1.0,0.33379310344827584,0.7307110438729199,0.2692889561270802,0.38235294117647056,8.198732e-05,604
121,177,484,0,0.2,1.0,0.33333333333333337,0.7322239031770046,0.26777609682299547,0.38107416879795397,8.154452e-05,605
121,176,485,0,0.19966996699669967,1.0,0.3328748280605227,0.7337367624810892,0.26626323751891073,0.3797953964194373,8.077869e-05,606
121,175,486,0,0.19934102141680396,1.0,0.33241758241758246,0.735249621785174,0.264750378214826,0.37851662404092073,8.036326e-05,607
121,174,487,0,0.19901315789473684,1.0,0.3319615912208505,0.7367624810892587,0.2632375189107413,0.3772378516624041,8.0035556e-05,608
121,173,488,0,0.1986863711001642,1.0,0.33150684931506846,0.7382753403933434,0.2617246596066566,0.37595907928388744,7.9547215e-05,609
121,172,489,0,0.19836065573770492,1.0,0.33105335157318744,0.7397881996974282,0.26021180030257185,0.37468030690537085,7.951574e-05,610
121,171,490,0,0.19803600654664485,1.0,0.3306010928961749,0.7413010590015129,0.2586989409984871,0.3734015345268542,7.9166646e-05,611
121,170,491,0,0.1977124183006536,1.0,0.330150068212824,0.7428139183055976,0.25718608169440244,0.3721227621483376,7.868204e-05,612
121,169,492,0,0.19738988580750408,1.0,0.329700272479564,0.7443267776096822,0.2556732223903177,0.37084398976982097,7.839475e-05,613
121,168,493,0,0.1970684039087948,1.0,0.3292517006802721,0.745839636913767,0.25416036308623297,0.3695652173913043,7.8386074e-05,614
121,167,494,0,0.1967479674796748,1.0,0.328804347826087,0.7473524962178517,0.2526475037821483,0.36828644501278773,7.836933e-05,615
121,166,495,0,0.19642857142857142,1.0,0.3283582089552239,0.7488653555219364,0.25113464447806355,0.3670076726342711,7.836216e-05,616
121,165,496,0,0.19611021069692058,1.0,0.32791327913279134,0.7503782148260212,0.24962178517397882,0.3657289002557545,7.825701e-05,617
121,164,497,0,0.19579288025889968,1.0,0.3274695534506089,0.7518910741301059,0.2481089258698941,0.36445012787723785,7.8235375e-05,618
121,163,498,0,0.19547657512116318,1.0,0.3270270270270271,0.7534039334341907,0.24659606656580937,0.3631713554987212,7.811215e-05,619
121,162,499,0,0.19516129032258064,1.0,0.32658569500674767,0.7549167927382754,0.24508320726172467,0.3618925831202046,7.8026314e-05,620
121,161,500,0,0.19484702093397746,1.0,0.3261455525606469,0.75642965204236,0.24357034795763993,0.36061381074168797,7.780712e-05,621
121,160,501,0,0.1945337620578778,1.0,0.32570659488559894,0.7579425113464447,0.24205748865355523,0.3593350383631714,7.773044e-05,622
121,159,502,0,0.1942215088282504,1.0,0.32526881720430106,0.7594553706505295,0.2405446293494705,0.35805626598465473,7.772792e-05,623
121,158,503,0,0.19391025641025642,1.0,0.3248322147651007,0.7609682299546142,0.23903177004538578,0.3567774936061381,7.7519326e-05,624
121,157,504,0,0.1936,1.0,0.32439678284182305,0.762481089258699,0.23751891074130105,0.3554987212276215,7.750307e-05,625
121,156,505,0,0.19329073482428116,1.0,0.3239625167336011,0.7639939485627837,0.23600605143721634,0.35421994884910485,7.747359e-05,626
121,155,506,0,0.19298245614035087,1.0,0.3235294117647059,0.7655068078668684,0.2344931921331316,0.35294117647058826,7.744869e-05,627
121,154,507,0,0.1926751592356688,1.0,0.3230974632843792,0.7670196671709532,0.2329803328290469,0.3516624040920716,7.7425655e-05,628
121,153,508,0,0.19236883942766295,1.0,0.3226666666666666,0.7685325264750378,0.2314674735249622,0.35038363171355497,7.7361954e-05,629
121,152,509,0,0.19206349206349208,1.0,0.322237017310253,0.7700453857791225,0.22995461422087746,0.3491048593350384,7.7296696e-05,630
121,151,510,0,0.19175911251980982,1.0,0.3218085106382979,0.7715582450832073,0.22844175491679275,0.34782608695652173,7.714059e-05,631
121,150,511,0,0.19145569620253164,1.0,0.32138114209827356,0.773071104387292,0.22692889561270801,0.34654731457800514,7.7009834e-05,632
121,149,512,0,0.1911532385466035,1.0,0.32095490716180375,0.7745839636913767,0.2254160363086233,0.3452685421994885,7.698604e-05,633
121,148,513,0,0.19085173501577288,1.0,0.3205298013245033,0.7760968229954615,0.22390317700453857,0.34398976982097185,7.693328e-05,634
121,147,514,0,0.19055118110236222,1.0,0.32010582010582017,0.7776096822995462,0.22239031770045387,0.34271099744245526,7.689616e-05,635
121,146,515,0,0.19025157232704404,1.0,0.31968295904887717,0.7791225416036308,0.22087745839636913,0.3414322250639386,7.6573466e-05,636
121,145,516,0,0.18995290423861852,1.0,0.31926121372031663,0.7806354009077155,0.21936459909228442,0.340153452685422,7.6252414e-05,637
121,144,517,0,0.1896551724137931,1.0,0.3188405797101449,0.7821482602118003,0.2178517397881997,0.3388746803069054,7.6232056e-05,638
121,143,518,0,0.18935837245696402,1.0,0.31842105263157894,0.783661119515885,0.21633888048411498,0.3375959079283887,7.6158234e-05,639
121,142,519,0,0.1890625,1.0,0.3180026281208936,0.7851739788199698,0.21482602118003025,0.33631713554987214,7.5610806e-05,640
121,141,520,0,0.18876755070202808,1.0,0.31758530183727035,0.7866868381240545,0.21331316187594554,0.3350383631713555,7.553874e-05,641
121,140,521,0,0.18847352024922118,1.0,0.31716906946264745,0.7881996974281392,0.2118003025718608,0.3337595907928389,7.549099e-05,642
121,139,522,0,0.18818040435458788,1.0,0.3167539267015707,0.789712556732224,0.2102874432677761,0.33248081841432225,7.540336e-05,643
121,138,523,0,0.18788819875776397,1.0,0.31633986928104574,0.7912254160363086,0.2087745839636914,0.3312020460358056,7.531978e-05,644
121,137,524,0,0.1875968992248062,1.0,0.31592689295039167,0.7927382753403933,0.20726172465960666,0.329923273657289,7.480791e-05,645
121,136,525,0,0.1873065015479876,1.0,0.3155149934810952,0.794251134644478,0.20574886535552195,0.32864450127877237,7.471565e-05,646
121,135,526,0,0.18701700154559506,1.0,0.3151041666666667,0.7957639939485628,0.2042360060514372,0.3273657289002558,7.428825e-05,647
121,134,527,0,0.1867283950617284,1.0,0.31469440832249673,0.7972768532526475,0.2027231467473525,0.32608695652173914,7.427125e-05,648
121,133,528,0,0.1864406779661017,1.0,0.3142857142857143,0.7987897125567323,0.20121028744326777,0.3248081841432225,7.403712e-05,649
121,132,529,0,0.18615384615384614,1.0,0.3138780804150454,0.800302571860817,0.19969742813918306,0.3235294117647059,7.394405e-05,650
121,131,530,0,0.1858678955453149,1.0,0.31347150259067363,0.8018154311649016,0.19818456883509833,0.32225063938618925,7.390162e-05,651
121,130,531,0,0.18558282208588958,1.0,0.31306597671410097,0.8033282904689864,0.19667170953101362,0.3209718670076726,7.379415e-05,652
121,129,532,0,0.18529862174578868,1.0,0.31266149870801035,0.8048411497730711,0.1951588502269289,0.319693094629156,7.3629664e-05,653
121,128,533,0,0.18501529051987767,1.0,0.31225806451612903,0.8063540090771558,0.19364599092284418,0.31841432225063937,7.362602e-05,654
121,127,534,0,0.18473282442748093,1.0,0.31185567010309284,0.8078668683812406,0.19213313161875945,0.3171355498721228,7.360811e-05,655
121,126,535,0,0.18445121951219512,1.0,0.3114543114543114,0.8093797276853253,0.19062027231467474,0.31585677749360613,7.354441e-05,656
121,125,536,0,0.1841704718417047,1.0,0.31105398457583544,0.81089258698941,0.18910741301059,0.3145780051150895,7.353571e-05,657
121,124,537,0,0.1838905775075988,1.0,0.31065468549422337,0.8124054462934948,0.1875945537065053,0.3132992327365729,7.352035e-05,658
121,123,538,0,0.18361153262518967,1.0,0.3102564102564102,0.8139183055975794,0.18608169440242056,0.31202046035805625,7.265071e-05,659
121,122,539,0,0.18333333333333332,1.0,0.30985915492957744,0.8154311649016641,0.18456883509833585,0.31074168797953966,7.264961e-05,660
121,121,540,0,0.18305597579425115,1.0,0.309462915601023,0.8169440242057489,0.18305597579425115,0.309462915601023,7.264725e-05,661
121,120,541,0,0.18277945619335348,1.0,0.30906768837803317,0.8184568835098336,0.1815431164901664,0.30818414322250637,7.250779e-05,662
121,119,542,0,0.18250377073906485,1.0,0.3086734693877551,0.8199697428139183,0.1800302571860817,0.3069053708439898,7.2504125e-05,663
121,118,543,0,0.1822289156626506,1.0,0.30828025477707005,0.8214826021180031,0.17851739788199697,0.30562659846547313,7.2199655e-05,664
121,117,544,0,0.18195488721804512,1.0,0.30788804071246817,0.8229954614220878,0.17700453857791226,0.30434782608695654,7.2196555e-05,665
121,116,545,0,0.1816816816816817,1.0,0.3074968233799238,0.8245083207261724,0.17549167927382753,0.3030690537084399,7.2121e-05,666
121,115,546,0,0.18140929535232383,1.0,0.30710659898477155,0.8260211800302572,0.17397881996974282,0.30179028132992325,7.209914e-05,667
121,114,547,0,0.18113772455089822,1.0,0.30671736375158426,0.8275340393343419,0.17246596066565809,0.30051150895140666,7.206408e-05,668
121,113,548,0,0.18086696562032886,1.0,0.30632911392405066,0.8290468986384266,0.17095310136157338,0.29923273657289,7.199059e-05,669
121,112,549,0,0.18059701492537314,1.0,0.30594184576485467,0.8305597579425114,0.16944024205748864,0.2979539641943734,7.197452e-05,670
121,111,550,0,0.18032786885245902,1.0,0.3055555555555556,0.8320726172465961,0.16792738275340394,0.2966751918158568,7.13866e-05,671
121,110,551,0,0.1800595238095238,1.0,0.3051702395964691,0.8335854765506808,0.1664145234493192,0.29539641943734013,7.119027e-05,672
121,109,552,0,0.17979197622585438,1.0,0.3047858942065491,0.8350983358547656,0.1649016641452345,0.29411764705882354,7.0559894e-05,673
121,108,553,0,0.1795252225519288,1.0,0.30440251572327043,0.8366111951588502,0.16338880484114976,0.2928388746803069,7.010122e-05,674
121,107,554,0,0.17925925925925926,1.0,0.30402010050251255,0.8381240544629349,0.16187594553706505,0.2915601023017903,6.941075e-05,675
121,106,555,0,0.17899408284023668,1.0,0.30363864491844417,0.8396369137670197,0.16036308623298035,0.29028132992327366,6.93768e-05,676
121,105,556,0,0.17872968980797638,1.0,0.3032581453634085,0.8411497730711044,0.1588502269288956,0.289002557544757,6.920454e-05,677
121,104,557,0,0.17846607669616518,1.0,0.3028785982478097,0.8426626323751891,0.1573373676248109,0.2877237851662404,6.919391e-05,678
121,103,558,0,0.17820324005891017,1.0,0.3025,0.8441754916792739,0.15582450832072617,0.2864450127877238,6.915731e-05,679
121,102,559,0,0.17794117647058824,1.0,0.3021223470661673,0.8456883509833586,0.15431164901664146,0.2851662404092072,6.91165e-05,680
121,101,560,0,0.1776798825256975,1.0,0.3017456359102244,0.8472012102874432,0.15279878971255673,0.28388746803069054,6.9107e-05,681
121,100,561,0,0.1774193548387097,1.0,0.3013698630136986,0.848714069591528,0.15128593040847202,0.2826086956521739,6.784183e-05,682
121,99,562,0,0.17715959004392387,1.0,0.3009950248756219,0.8502269288956127,0.14977307110438728,0.2813299232736573,6.6665394e-05,683
121,98,563,0,0.17690058479532164,1.0,0.30062111801242236,0.8517397881996974,0.14826021180030258,0.28005115089514065,6.630856e-05,684
121,97,564,0,0.17664233576642335,1.0,0.3002481389578164,0.8532526475037822,0.14674735249621784,0.27877237851662406,6.604056e-05,685
121,96,565,0,0.17638483965014579,1.0,0.2998760842627014,0.8547655068078669,0.14523449319213314,0.2774936061381074,6.475706e-05,686
121,95,566,0,0.17612809315866085,1.0,0.2995049504950495,0.8562783661119516,0.1437216338880484,0.27621483375959077,6.473854e-05,687
121,94,567,0,0.17587209302325582,1.0,0.29913473423980225,0.8577912254160364,0.1422087745839637,0.2749360613810742,6.465291e-05,688
121,93,568,0,0.17561683599419448,1.0,0.2987654320987654,0.859304084720121,0.14069591527987896,0.27365728900255754,6.464945e-05,689
121,92,569,0,0.1753623188405797,1.0,0.29839704069050554,0.8608169440242057,0.13918305597579425,0.27237851662404094,6.444411e-05,690
121,91,570,0,0.17510853835021709,1.0,0.29802955665024633,0.8623298033282905,0.13767019667170954,0.2710997442455243,6.433917e-05,691
121,90,571,0,0.17485549132947978,1.0,0.2976629766297663,0.8638426626323752,0.1361573373676248,0.26982097186700765,6.428269e-05,692
121,89,572,0,0.1746031746031746,1.0,0.29729729729729726,0.8653555219364599,0.1346444780635401,0.26854219948849106,6.420477e-05,693
121,88,573,0,0.17435158501440923,1.0,0.2969325153374233,0.8668683812405447,0.13313161875945537,0.2672634271099744,6.3949956e-05,694
121,87,574,0,0.17410071942446043,1.0,0.2965686274509804,0.8683812405446294,0.13161875945537066,0.2659846547314578,6.393825e-05,695
121,86,575,0,0.17385057471264367,1.0,0.2962056303549571,0.869894099848714,0.13010590015128592,0.2647058823529412,6.388181e-05,696
121,85,576,0,0.17360114777618366,1.0,0.2958435207823961,0.8714069591527988,0.12859304084720122,0.26342710997442453,6.384783e-05,697
121,84,577,0,0.17335243553008595,1.0,0.2954822954822955,0.8729198184568835,0.12708018154311648,0.26214833759590794,6.378113e-05,698
121,83,578,0,0.17310443490701002,1.0,0.2951219512195122,0.8744326777609682,0.12556732223903178,0.2608695652173913,6.3521824e-05,699
121,82,579,0,0.17285714285714285,1.0,0.29476248477466505,0.875945537065053,0.12405446293494705,0.2595907928388747,6.351686e-05,700
121,81,580,0,0.17261055634807418,1.0,0.2944038929440389,0.8774583963691377,0.12254160363086233,0.25831202046035806,6.345353e-05,701
121,80,581,0,0.17236467236467237,1.0,0.29404617253948967,0.8789712556732224,0.12102874432677761,0.2570332480818414,6.343532e-05,702
121,79,582,0,0.1721194879089616,1.0,0.2936893203883495,0.8804841149773072,0.11951588502269289,0.2557544757033248,6.342014e-05,703
121,78,583,0,0.171875,1.0,0.29333333333333333,0.8819969742813918,0.11800302571860817,0.2544757033248082,6.341325e-05,704
121,77,584,0,0.17163120567375886,1.0,0.2929782082324455,0.8835098335854765,0.11649016641452345,0.2531969309462916,6.3374195e-05,705
121,76,585,0,0.17138810198300283,1.0,0.2926239419588876,0.8850226928895613,0.11497730711043873,0.25191815856777494,6.333215e-05,706
121,75,586,0,0.17114568599717114,1.0,0.29227053140096615,0.886535552193646,0.11346444780635401,0.2506393861892583,6.3301835e-05,707
121,74,587,0,0.1709039548022599,1.0,0.29191797346200243,0.8880484114977307,0.11195158850226929,0.24936061381074168,6.3294836e-05,708
121,73,588,0,0.17066290550070523,1.0,0.29156626506024097,0.8895612708018155,0.11043872919818457,0.24808184143222506,6.322431e-05,709
121,72,589,0,0.1704225352112676,1.0,0.29121540312876054,0.8910741301059002,0.10892586989409984,0.24680306905370844,6.1703e-05,710
121,71,590,0,0.170182841068917,1.0,0.2908653846153846,0.8925869894099848,0.10741301059001512,0.24552429667519182,6.128793e-05,711
121,70,591,0,0.1699438202247191,1.0,0.290516206482593,0.8940998487140696,0.1059001512859304,0.2442455242966752,6.126479e-05,712
121,69,592,0,0.1697054698457223,1.0,0.290167865707434,0.8956127080181543,0.1043872919818457,0.24296675191815856,6.11795e-05,713
121,68,593,0,0.16946778711484595,1.0,0.2898203592814371,0.897125567322239,0.10287443267776097,0.24168797953964194,6.0972794e-05,714
121,67,594,0,0.16923076923076924,1.0,0.2894736842105263,0.8986384266263238,0.10136157337367625,0.24040920716112532,6.096151e-05,715
121,66,595,0,0.16899441340782123,1.0,0.2891278375149343,0.9001512859304085,0.09984871406959153,0.2391304347826087,6.093315e-05,716
121,65,596,0,0.16875871687587168,1.0,0.28878281622911695,0.9016641452344932,0.09833585476550681,0.23785166240409208,6.092002e-05,717
121,64,597,0,0.16852367688022285,1.0,0.28843861740166865,0.903177004538578,0.09682299546142209,0.23657289002557544,6.085104e-05,718
121,63,598,0,0.16828929068150209,1.0,0.28809523809523807,0.9046898638426626,0.09531013615733737,0.23529411764705882,5.9382306e-05,719
121,62,599,0,0.16805555555555557,1.0,0.2877526753864447,0.9062027231467473,0.09379727685325265,0.2340153452685422,5.9323273e-05,720
121,61,600,0,0.1678224687933426,1.0,0.28741092636579574,0.9077155824508321,0.09228441754916793,0.23273657289002558,5.9312977e-05,721
121,60,601,0,0.16759002770083103,1.0,0.2870699881376038,0.9092284417549168,0.0907715582450832,0.23145780051150894,5.9308004e-05,722
121,59,602,0,0.1673582295988935,1.0,0.2867298578199052,0.9107413010590015,0.08925869894099848,0.23017902813299232,5.9294656e-05,723
121,58,603,0,0.1671270718232044,1.0,0.28639053254437863,0.9122541603630863,0.08774583963691376,0.2289002557544757,5.897671e-05,724
121,57,604,0,0.16689655172413792,1.0,0.2860520094562648,0.913767019667171,0.08623298033282904,0.22762148337595908,5.8921734e-05,725
121,56,605,0,0.16666666666666666,1.0,0.2857142857142857,0.9152798789712556,0.08472012102874432,0.22634271099744246,5.8918195e-05,726
121,55,606,0,0.16643741403026135,1.0,0.28537735849056606,0.9167927382753404,0.0832072617246596,0.22506393861892582,5.8911286e-05,727
121,54,607,0,0.1662087912087912,1.0,0.28504122497055356,0.9183055975794251,0.08169440242057488,0.2237851662404092,5.8907743e-05,728
121,53,608,0,0.16598079561042525,1.0,0.2847058823529412,0.9198184568835098,0.08018154311649017,0.22250639386189258,5.861205e-05,729
121,52,609,0,0.16575342465753426,1.0,0.28437132784958874,0.9213313161875946,0.07866868381240545,0.22122762148337596,5.8609145e-05,730
121,51,610,0,0.16552667578659372,1.0,0.28403755868544606,0.9228441754916793,0.07715582450832073,0.21994884910485935,5.8600654e-05,731
121,50,611,0,0.16530054644808742,1.0,0.28370457209847594,0.924357034795764,0.07564296520423601,0.2186700767263427,5.853603e-05,732
121,49,612,0,0.165075034106412,1.0,0.28337236533957844,0.9258698940998488,0.07413010590015129,0.21739130434782608,5.844706e-05,733
121,48,613,0,0.164850136239782,1.0,0.2830409356725146,0.9273827534039334,0.07261724659606657,0.21611253196930946,5.8212994e-05,734
121,47,614,0,0.16462585034013605,1.0,0.2827102803738318,0.9288956127080181,0.07110438729198185,0.21483375959079284,5.8210997e-05,735
121,46,615,0,0.1644021739130435,1.0,0.2823803967327888,0.9304084720121029,0.06959152798789713,0.21355498721227623,5.6989207e-05,736
121,45,616,0,0.16417910447761194,1.0,0.28205128205128205,0.9319213313161876,0.0680786686838124,0.21227621483375958,5.6296307e-05,737
121,44,617,0,0.16395663956639567,1.0,0.2817229336437718,0.9334341906202723,0.06656580937972768,0.21099744245524296,5.549411e-05,738
121,43,618,0,0.16373477672530445,1.0,0.2813953488372093,0.9349470499243571,0.06505295007564296,0.20971867007672634,5.5488235e-05,739
121,42,619,0,0.1635135135135135,1.0,0.28106852497096396,0.9364599092284418,0.06354009077155824,0.20843989769820973,5.4905813e-05,740
121,41,620,0,0.1632928475033738,1.0,0.2807424593967517,0.9379727685325264,0.06202723146747353,0.2071611253196931,5.4557215e-05,741
121,40,621,0,0.16307277628032346,1.0,0.28041714947856317,0.9394856278366112,0.060514372163388806,0.20588235294117646,5.1305822e-05,742
121,39,622,0,0.16285329744279947,1.0,0.2800925925925926,0.9409984871406959,0.059001512859304085,0.20460358056265984,5.115062e-05,743
121,38,623,0,0.16263440860215053,1.0,0.2797687861271676,0.9425113464447806,0.057488653555219364,0.20332480818414322,5.1129744e-05,744
121,37,624,0,0.16241610738255033,1.0,0.279445727482679,0.9440242057488654,0.05597579425113464,0.2020460358056266,5.1085783e-05,745
121,36,625,0,0.16219839142091153,1.0,0.279123414071511,0.9455370650529501,0.05446293494704992,0.20076726342711,4.992424e-05,746
121,35,626,0,0.16198125836680052,1.0,0.2788018433179723,0.9470499243570348,0.0529500756429652,0.19948849104859334,4.9850503e-05,747
121,34,627,0,0.16176470588235295,1.0,0.27848101265822783,0.9485627836611196,0.05143721633888049,0.19820971867007672,4.8754366e-05,748
121,33,628,0,0.16154873164218958,1.0,0.27816091954022987,0.9500756429652042,0.049924357034795766,0.1969309462915601,4.8493726e-05,749
121,32,629,0,0.16133333333333333,1.0,0.27784156142365096,0.9515885022692889,0.048411497730711045,0.1956521739130435,4.754176e-05,750
121,31,630,0,0.1611185086551265,1.0,0.2775229357798165,0.9531013615733737,0.046898638426626324,0.19437340153452684,4.747511e-05,751
121,30,631,0,0.16090425531914893,1.0,0.27720504009163804,0.9546142208774584,0.0453857791225416,0.19309462915601022,4.7454476e-05,752
121,29,632,0,0.16069057104913678,1.0,0.2768878718535469,0.9561270801815431,0.04387291981845688,0.1918158567774936,4.7449812e-05,753
121,28,633,0,0.16047745358090185,1.0,0.2765714285714285,0.9576399394856279,0.04236006051437216,0.19053708439897699,4.7433074e-05,754
121,27,634,0,0.16026490066225166,1.0,0.2762557077625571,0.9591527987897126,0.04084720121028744,0.18925831202046037,4.74096e-05,755
121,26,635,0,0.16005291005291006,1.0,0.27594070695553025,0.9606656580937972,0.039334341906202726,0.18797953964194372,4.7403184e-05,756
121,25,636,0,0.15984147952443858,1.0,0.27562642369020507,0.962178517397882,0.037821482602118005,0.1867007672634271,4.732861e-05,757
121,24,637,0,0.15963060686015831,1.0,0.2753128555176337,0.9636913767019667,0.036308623298033284,0.18542199488491048,4.7188852e-05,758
121,23,638,0,0.15942028985507245,1.0,0.27499999999999997,0.9652042360060514,0.03479576399394856,0.18414322250639387,4.718764e-05,759
121,22,639,0,0.15921052631578947,1.0,0.2746878547105562,0.9667170953101362,0.03328290468986384,0.18286445012787725,4.71432e-05,760
121,21,640,0,0.1590013140604468,1.0,0.2743764172335601,0.9682299546142209,0.03177004538577912,0.1815856777493606,4.6842186e-05,761
121,20,641,0,0.15879265091863518,1.0,0.2740656851642129,0.9697428139183056,0.030257186081694403,0.18030690537084398,4.5598277e-05,762
121,19,642,0,0.15858453473132372,1.0,0.2737556561085973,0.9712556732223904,0.028744326777609682,0.17902813299232737,4.4928463e-05,763
121,18,643,0,0.15837696335078533,1.0,0.27344632768361576,0.972768532526475,0.02723146747352496,0.17774936061381075,4.27352e-05,764
121,17,644,0,0.15816993464052287,1.0,0.27313769751693,0.9742813918305597,0.025718608169440244,0.17647058823529413,4.190023e-05,765
121,16,645,0,0.15796344647519583,1.0,0.27282976324689967,0.9757942511346445,0.024205748865355523,0.17519181585677748,4.1851792e-05,766
121,15,646,0,0.1577574967405476,1.0,0.27252252252252257,0.9773071104387292,0.0226928895612708,0.17391304347826086,4.119114e-05,767
121,14,647,0,0.15755208333333334,1.0,0.27221597300337463,0.9788199697428139,0.02118003025718608,0.17263427109974425,4.07545e-05,768
121,13,648,0,0.15734720416124837,1.0,0.27191011235955054,0.9803328290468987,0.019667170953101363,0.17135549872122763,3.990606e-05,769
121,12,649,0,0.15714285714285714,1.0,0.271604938271605,0.9818456883509834,0.018154311649016642,0.170076726342711,3.919964e-05,770
121,11,650,0,0.1569390402075227,1.0,0.2713004484304933,0.983358547655068,0.01664145234493192,0.16879795396419436,3.8961047e-05,771
121,10,651,0,0.1567357512953368,1.0,0.270996640537514,0.9848714069591528,0.015128593040847202,0.16751918158567775,3.8899936e-05,772
121,9,652,0,0.15653298835705046,1.0,0.27069351230425054,0.9863842662632375,0.01361573373676248,0.16624040920716113,3.8897935e-05,773
121,8,653,0,0.15633074935400518,1.0,0.270391061452514,0.9878971255673222,0.012102874432677761,0.1649616368286445,3.8782706e-05,774
121,7,654,0,0.15612903225806452,1.0,0.2700892857142857,0.989409984871407,0.01059001512859304,0.1636828644501279,3.8780523e-05,775
121,6,655,0,0.1559278350515464,1.0,0.2697881828316611,0.9909228441754917,0.009077155824508321,0.16240409207161124,3.8747472e-05,776
121,5,656,0,0.15572715572715573,1.0,0.26948775055679286,0.9924357034795764,0.007564296520423601,0.16112531969309463,3.8727598e-05,777
121,4,657,0,0.15552699228791775,1.0,0.2691879866518354,0.9939485627836612,0.006051437216338881,0.159846547314578,3.8720398e-05,778
121,3,658,0,0.15532734274711169,1.0,0.26888888888888884,0.9954614220877458,0.0045385779122541605,0.1585677749360614,3.8705704e-05,779
121,2,659,0,0.15512820512820513,1.0,0.26859045504994455,0.9969742813918305,0.0030257186081694403,0.15728900255754474,3.8676222e-05,780
121,1,660,0,0.15492957746478872,1.0,0.26829268292682923,0.9984871406959153,0.0015128593040847202,0.15601023017902813,3.7289017e-05,781
121,0,661,0,0.1547314578005115,1.0,0.26799557032115173,1.0,0.0,0.1547314578005115,3.680785e-05,782
