window_id,window_start,window_end,source,event_count,record_count_sum,record_count_mean,path_count_sum,path_count_mean,execve_count,command_count,success_yes_count,success_no_count,unique_syscall_count,unique_primary_type_count,unique_exe_count,unique_comm_count,unique_uid_count,unique_euid_count,unique_auid_count,unique_pid_count,unique_ppid_count,root_uid_count,root_euid_count,unset_auid_count,network_event_count,tmp_path_event_count,home_path_event_count,etc_path_event_count,ssh_path_event_count,root_ssh_path_event_count,var_log_path_event_count,dev_shm_path_event_count,failed_execve_count,syscall_mkdir_count,syscall_openat_count,syscall_execve_count,syscall_fchmodat_count,syscall_connect_count,syscall_unlinkat_count,syscall_setresuid_count,syscall_unlink_count,syscall_rename_count,syscall_setresgid_count,syscall_chmod_count,syscall_missing_count,syscall_sendto_count,syscall_86_count,syscall_126_count,syscall_93_count,syscall_190_count,syscall_setgid_count,syscall_85_count,syscall_88_count,syscall_260_count,syscall_316_count,syscall_setuid_count,syscall_114_count,syscall_113_count,syscall_chown_count,syscall_write_count,syscall_77_count,syscall_91_count,syscall_renameat_count,type_syscall_count,type_user_end_count,type_user_acct_count,type_cred_disp_count,type_user_start_count,type_cred_refr_count,type_user_cmd_count,type_cred_acq_count,type_user_login_count,type_service_start_count,type_service_stop_count,type_daemon_start_count,key_home_activity_count,key_exec_count,key_network_connect_count,key_privilege_transition_count,key_tmp_activity_count,key_download_tool_count,key_null_count,key_missing_count,key_service_control_count,key_shell_exec_count,key_file_destroy_count,key_chmod_change_count,key_owner_change_count,comm_mkdir_count,comm_bash_count,comm_chmod_count,comm_git_count,comm_cp_count,comm_sudo_count,comm_rm_count,comm_cat_count,comm_date_count,comm_sleep_count,comm_curl_count,comm_wget_count,comm_ls_count,comm_ps_count,comm_sshd_count,comm_top_count,comm_tar_count,comm_missing_count,comm_auditctl_count,comm_sed_count,comm_chown_count,comm_seq_count,comm_touch_count,comm_python3_count,comm_gzip_count,comm_systemctl_count,comm_whoami_count,comm_cut_count,comm_sort_count,comm_find_count,comm_tee_count,comm_head_count,comm_sh_count,comm_tr_count,comm_awk_count,comm_du_count,comm_wc_count,comm_jq_count,comm_uniq_count,comm_mv_count,comm_cron_count,comm_shuf_count,comm_dpkg_count,comm_expr_count,comm_grep_count,comm_baseline_worklo_count,comm_egrep_count,comm_landscape_sysin_count,comm_basename_count,comm_sa1_count,exe_mkdir_count,exe_bash_count,exe_chmod_count,exe_git_count,exe_cp_count,exe_sudo_count,exe_rm_count,exe_cat_count,exe_date_count,exe_sleep_count,exe_curl_count,exe_wget_count,exe_ls_count,exe_ps_count,exe_sshd_count,exe_top_count,exe_tar_count,exe_missing_count,exe_auditctl_count,exe_sed_count,exe_dash_count,exe_chown_count,exe_python3_12_count,exe_env_count,exe_seq_count,exe_touch_count,exe_gzip_count,exe_systemctl_count,exe_whoami_count,exe_cut_count,exe_sort_count,exe_find_count,exe_tee_count,exe_head_count,exe_tr_count,exe_gawk_count,exe_wc_count,exe_uniq_count,exe_jq_count,exe_du_count,exe_cron_count,exe_mv_count,exe_shuf_count,exe_dpkg_count,exe_systemd_executor_count,exe_expr_count,exe_grep_count,exe_basename_count,exe_vmware_toolbox_cmd_count,exe_getopt_count,label_benign_count,label_malicious_count,label_ambiguous_count,label_unlabeled_count,window_label
0,1778298833.757000,1778298843.757000,parsed_events,243,1012,4.1646090534979425,143,0.588477366255144,18,15,208,19,12,9,14,16,2,3,2,15,9,185,217,132,301,6,3,10,1,1,0,1,3,0,5,18,0,25,1,34,0,1,20,0,16,114,0,4,0,0,2,0,0,0,0,0,0,0,2,0,0,1,0,227,3,2,3,2,2,2,0,0,1,0,1,2,14,25,60,4,0,114,16,4,0,1,1,2,0,0,0,0,0,86,2,1,0,0,0,0,1,0,0,0,0,16,115,0,0,0,0,0,0,2,0,0,0,0,0,0,0,0,1,0,0,0,0,0,0,0,0,0,1,0,0,0,0,0,0,0,0,0,0,86,2,1,0,0,0,0,1,0,0,0,0,16,115,0,3,0,0,0,0,0,0,5,0,0,0,0,0,0,0,1,0,0,0,0,0,0,0,0,5,0,1,0,0,0,0,0,0,243,unlabeled
1,1778298843.757000,1778298853.757000,parsed_events,5,26,5.2,6,1.2,1,1,1,4,2,1,1,1,1,1,1,1,1,0,0,0,12,0,0,0,0,0,0,0,0,0,0,1,0,4,0,0,0,0,0,0,0,0,0,0,0,0,0,0,0,0,0,0,0,0,0,0,0,0,0,5,0,0,0,0,0,0,0,0,0,0,0,0,1,4,0,0,0,0,0,0,0,0,0,0,0,0,0,0,0,0,0,0,0,0,0,0,5,0,0,0,0,0,0,0,0,0,0,0,0,0,0,0,0,0,0,0,0,0,0,0,0,0,0,0,0,0,0,0,0,0,0,0,0,0,0,0,0,0,0,0,0,0,0,0,0,0,5,0,0,0,0,0,0,0,0,0,0,0,0,0,0,0,0,0,0,0,0,0,0,0,0,0,0,0,0,0,0,0,0,0,0,0,0,0,0,0,0,5,unlabeled
12,1778298953.757000,1778298963.757000,parsed_events,182,1045,5.741758241758242,345,1.8956043956043955,143,140,167,13,14,3,24,29,2,2,2,143,72,177,175,168,39,0,2,2,0,0,10,0,3,0,1,143,1,13,1,3,0,1,2,0,2,0,0,0,0,0,0,0,0,0,9,0,2,1,1,0,0,1,1,180,1,0,1,0,0,0,0,0,0,0,0,2,141,13,8,0,0,0,2,2,0,12,2,0,0,2,2,0,0,0,2,0,4,0,0,0,0,0,10,0,0,2,0,4,0,1,1,0,0,4,0,18,0,0,0,0,9,27,4,0,0,0,0,18,0,0,0,11,5,0,4,0,1,0,0,2,2,0,0,0,2,0,4,0,0,0,0,0,10,0,0,2,0,4,30,0,0,0,1,1,0,4,0,18,0,0,0,0,27,4,0,0,0,0,0,18,0,0,0,11,5,1,9,9,0,0,0,182,unlabeled
13,1778298963.757000,1778298973.757000,parsed_events,266,1224,4.601503759398496,357,1.3421052631578947,99,84,159,101,17,5,34,54,3,3,2,77,28,117,114,36,90,0,90,13,0,0,0,0,15,85,7,99,1,30,1,12,0,1,11,0,6,0,0,2,0,0,2,0,0,0,0,2,2,2,1,1,1,0,0,260,0,1,0,1,0,0,2,2,0,0,0,93,96,30,33,0,0,1,6,0,3,2,1,1,91,12,2,0,0,0,2,6,7,0,0,0,0,6,60,1,0,6,0,0,0,0,0,0,0,0,0,3,1,3,0,1,1,1,1,0,0,0,0,0,0,1,0,1,3,8,4,6,1,0,91,12,2,0,0,0,2,6,7,0,0,0,0,6,60,1,0,6,0,0,23,0,6,12,0,0,0,0,0,3,1,3,0,1,1,1,0,0,0,0,0,0,1,0,0,1,3,1,0,0,0,0,0,266,unlabeled
14,1778298973.757000,1778298983.757000,parsed_events,315,1548,4.914285714285715,512,1.6253968253968254,60,60,193,122,12,1,21,20,1,1,1,64,6,0,0,0,18,29,189,0,0,0,0,0,0,130,73,60,2,6,10,0,12,10,0,7,0,0,3,0,0,0,0,0,1,1,0,0,0,0,0,0,0,0,0,315,0,0,0,0,0,0,0,0,0,0,0,229,55,6,0,20,5,0,0,0,0,0,0,0,120,27,4,91,22,0,20,0,2,6,0,0,0,0,0,4,0,0,0,0,6,3,0,1,1,0,0,1,2,1,0,1,0,0,0,0,1,1,1,0,0,0,0,0,0,0,0,0,0,0,120,27,4,91,22,0,20,0,2,6,0,0,0,0,0,4,0,0,0,0,0,6,1,0,3,0,1,0,0,1,2,1,0,1,0,0,1,1,1,0,0,0,0,0,0,0,0,0,0,0,0,0,0,315,unlabeled
15,1778298983.757000,1778298993.757000,parsed_events,277,1337,4.8267148014440435,430,1.552346570397112,44,41,147,130,13,1,19,18,1,1,1,43,7,0,0,0,24,9,179,0,0,0,0,0,3,131,56,44,1,8,1,0,12,11,0,7,0,0,3,0,1,1,0,0,1,0,0,0,0,0,0,0,0,0,0,277,0,0,0,0,0,0,0,0,0,0,0,225,38,8,0,0,5,0,0,0,1,0,0,0,120,17,2,91,2,0,2,4,3,5,0,0,0,6,0,5,0,0,0,5,0,0,2,3,0,0,3,0,0,0,2,0,0,0,1,0,0,0,0,0,0,0,0,0,0,0,0,0,0,0,120,17,2,91,2,0,2,4,3,5,0,0,0,6,0,5,0,0,0,5,0,0,3,4,0,2,0,0,3,0,0,0,2,0,0,1,0,0,0,0,0,0,0,0,0,0,0,0,0,0,0,0,0,277,unlabeled
16,1778298993.757000,1778299003.757000,parsed_events,294,1428,4.857142857142857,451,1.534013605442177,96,96,190,98,10,7,14,15,2,2,3,98,8,11,11,5,69,1,81,0,0,0,0,0,0,81,81,96,0,23,0,0,0,0,0,0,6,0,0,2,0,0,1,1,0,0,0,1,0,0,0,1,1,0,0,288,1,1,1,1,1,0,1,0,0,0,0,162,95,23,4,1,1,1,6,0,0,1,0,0,87,54,0,0,50,0,0,25,26,4,15,0,5,0,0,0,6,6,0,0,0,1,0,1,2,0,0,0,0,0,0,0,2,0,0,0,0,0,0,0,9,0,0,0,0,0,0,0,0,0,87,54,0,0,50,0,0,25,26,4,15,0,5,0,0,0,6,6,0,0,3,0,1,0,1,0,2,0,0,0,0,0,0,0,0,0,0,0,0,0,9,0,0,0,0,0,0,0,0,0,0,0,0,294,unlabeled
17,1778299003.757000,1778299013.757000,parsed_events,122,566,4.639344262295082,162,1.3278688524590163,30,30,58,64,9,1,17,17,1,1,1,31,3,0,0,0,42,0,63,0,6,0,0,0,0,56,15,30,3,14,1,0,0,1,0,0,0,0,0,0,1,1,0,0,0,0,0,0,0,0,0,0,0,0,0,122,0,0,0,0,0,0,0,0,0,0,0,78,29,14,0,0,1,0,0,0,0,0,0,0,61,9,6,0,2,0,2,3,1,6,0,12,5,0,0,0,0,0,0,5,0,0,4,0,0,0,0,0,0,1,2,1,0,0,1,1,0,0,0,0,0,0,0,0,0,0,0,0,0,0,61,9,6,0,2,0,2,3,1,6,0,12,5,0,0,0,0,0,0,5,0,0,0,0,0,4,0,0,0,0,0,1,2,1,0,1,0,0,0,1,0,0,0,0,0,0,0,0,0,0,0,0,0,122,unlabeled
18,1778299013.757000,1778299023.757000,parsed_events,214,682,3.1869158878504673,123,0.5747663551401869,14,14,124,72,8,7,7,7,2,3,1,14,5,71,116,0,105,0,57,0,0,0,0,0,0,54,6,14,0,35,0,51,0,0,30,0,18,0,0,3,0,0,3,0,0,0,0,0,0,0,0,0,0,0,0,196,3,3,3,3,3,3,0,0,0,0,0,60,12,35,87,0,0,0,18,2,0,0,0,0,58,3,0,0,0,126,0,0,0,3,0,0,0,0,0,0,0,18,0,0,0,0,0,0,0,4,0,0,0,0,0,0,0,0,0,0,0,0,0,0,0,1,0,0,0,0,0,0,0,0,58,3,0,0,0,126,0,0,0,3,0,0,0,0,0,0,0,18,0,0,0,0,0,0,0,0,0,4,0,0,0,0,0,0,0,0,0,0,0,0,0,0,1,0,0,0,0,0,0,0,0,0,0,214,unlabeled
19,1778299023.757000,1778299033.757000,parsed_events,224,1095,4.888392857142857,358,1.5982142857142858,32,32,127,97,10,1,17,16,1,1,1,34,6,0,0,0,24,9,150,0,0,0,0,0,0,101,49,32,0,8,0,0,12,10,0,7,0,0,3,0,0,0,0,1,1,0,0,0,0,0,0,0,0,0,0,224,0,0,0,0,0,0,0,0,0,0,0,184,27,8,0,0,5,0,0,0,0,0,0,0,91,13,0,91,2,0,0,0,1,3,0,0,5,0,0,0,6,0,0,0,0,2,0,0,3,0,0,1,2,0,0,0,1,0,0,0,1,1,1,0,0,0,0,0,0,0,0,0,0,0,91,13,0,91,2,0,0,0,1,3,0,0,5,0,0,0,6,0,0,0,1,0,0,0,2,0,3,0,0,1,2,0,0,0,0,0,1,1,1,0,0,0,0,0,0,0,0,0,0,0,0,0,0,224,unlabeled
20,1778299033.757000,1778299043.757000,parsed_events,131,575,4.3893129770992365,151,1.1526717557251909,19,19,35,96,4,1,9,9,1,1,1,21,3,0,0,0,60,0,83,0,0,0,0,0,0,83,9,19,0,20,0,0,0,0,0,0,0,0,0,0,0,0,0,0,0,0,0,0,0,0,0,0,0,0,0,131,0,0,0,0,0,0,0,0,0,0,0,92,16,20,0,0,1,0,0,2,0,0,0,0,87,8,0,0,0,0,0,0,1,5,14,0,0,6,0,5,0,0,0,0,0,0,0,1,0,4,0,0,0,0,0,0,0,0,0,0,0,0,0,0,0,0,0,0,0,0,0,0,0,0,87,8,0,0,0,0,0,0,1,5,14,0,0,6,0,5,0,0,0,0,0,0,1,0,0,0,0,4,0,0,0,0,0,0,0,0,0,0,0,0,0,0,0,0,0,0,0,0,0,0,0,0,0,131,unlabeled
21,1778299043.757000,1778299053.757000,parsed_events,99,441,4.454545454545454,118,1.1919191919191918,18,18,33,66,4,1,11,11,1,1,1,20,4,0,0,0,48,0,56,0,0,0,0,0,0,56,9,18,0,16,0,0,0,0,0,0,0,0,0,0,0,0,0,0,0,0,0,0,0,0,0,0,0,0,0,99,0,0,0,0,0,0,0,0,0,0,0,65,17,16,0,0,1,0,0,0,0,0,0,0,58,8,0,0,0,0,0,0,1,4,0,12,0,6,0,5,0,0,0,0,0,0,0,1,0,0,0,0,0,0,0,0,0,0,0,0,0,0,0,0,0,0,2,0,0,0,0,0,0,0,58,8,0,0,0,0,0,0,1,4,0,12,0,6,0,5,0,0,0,0,0,0,1,0,0,0,0,0,0,0,0,0,0,0,0,0,0,0,0,0,0,0,0,2,0,0,0,0,0,0,0,0,0,99,unlabeled
22,1778299053.757000,1778299063.757000,parsed_events,358,1753,4.896648044692737,569,1.589385474860335,102,102,267,91,6,1,14,14,1,1,1,103,3,0,0,0,24,0,89,0,6,0,0,0,0,83,109,102,55,8,0,0,0,0,0,0,0,0,0,0,0,0,0,0,0,1,0,0,0,0,0,0,0,0,0,358,0,0,0,0,0,0,0,0,0,0,0,248,102,8,0,0,0,0,0,0,0,0,0,0,90,83,60,0,50,0,0,26,25,5,0,0,5,0,0,0,0,0,0,0,6,1,2,0,0,0,0,0,0,2,0,2,0,0,0,1,0,0,0,0,0,0,0,0,0,0,0,0,0,0,90,83,60,0,50,0,0,26,25,5,0,0,5,0,0,0,0,0,0,0,0,6,0,0,1,2,0,0,0,0,0,2,0,2,0,0,0,0,0,1,0,0,0,0,0,0,0,0,0,0,0,0,0,358,unlabeled
23,1778299063.757000,1778299073.757000,parsed_events,183,880,4.808743169398907,278,1.5191256830601092,52,49,96,87,9,1,16,16,1,1,1,49,4,0,0,0,6,20,92,0,0,0,0,0,3,82,32,52,1,2,11,0,0,1,0,0,0,0,0,0,1,1,0,0,0,0,0,0,0,0,0,0,0,0,0,183,0,0,0,0,0,0,0,0,0,0,0,109,51,2,0,20,0,0,0,0,1,0,0,0,87,18,2,0,22,0,22,4,2,5,0,0,0,0,0,0,0,0,0,5,0,1,2,3,0,0,3,0,0,0,2,0,0,0,1,0,0,0,0,0,0,0,0,0,0,0,0,0,0,0,87,18,2,0,22,0,22,4,2,5,0,0,0,0,0,0,0,0,0,5,0,0,3,4,1,2,0,0,3,0,0,0,2,0,0,1,0,0,0,0,0,0,0,0,0,0,0,0,0,0,0,0,0,183,unlabeled
24,1778299073.757000,1778299083.757000,parsed_events,210,954,4.542857142857143,276,1.3142857142857143,43,40,67,142,7,2,24,24,2,2,2,42,6,4,4,4,30,2,136,0,0,0,0,0,3,135,15,43,1,10,4,0,0,0,0,0,1,0,0,0,0,0,0,1,0,0,0,0,0,0,0,0,0,0,0,209,0,0,0,0,0,0,0,0,0,1,0,152,42,10,0,4,0,0,1,0,1,0,0,0,145,15,2,0,2,0,0,1,1,5,0,0,5,0,0,0,6,1,0,0,0,2,0,0,3,0,3,1,2,1,0,1,1,0,0,1,1,1,1,0,0,1,0,0,0,0,0,0,0,0,145,15,2,0,2,0,0,1,1,5,0,0,5,0,0,0,6,1,0,0,1,0,0,4,2,0,3,0,3,1,2,1,0,1,0,0,1,1,1,1,0,0,1,0,0,0,0,0,0,0,0,0,0,210,unlabeled
25,1778299083.757000,1778299093.757000,parsed_events,105,490,4.666666666666667,142,1.3523809523809525,25,25,40,65,6,1,14,14,1,1,1,26,4,0,0,0,24,0,62,0,6,0,0,0,0,57,11,25,3,8,0,0,0,0,0,0,0,0,0,0,0,0,0,1,0,0,0,0,0,0,0,0,0,0,0,105,0,0,0,0,0,0,0,0,0,0,0,72,25,8,0,0,0,0,0,0,0,0,0,0,61,9,6,0,0,0,0,2,0,5,0,0,5,0,0,0,6,0,0,0,0,0,2,3,2,0,0,0,0,1,0,1,1,0,0,1,0,0,0,0,0,0,0,0,0,0,0,0,0,0,61,9,6,0,0,0,0,2,0,5,0,0,5,0,0,0,6,0,0,0,1,0,3,0,0,2,2,0,0,0,0,1,0,1,0,0,0,0,0,1,0,0,0,0,0,0,0,0,0,0,0,0,0,105,unlabeled
26,1778299093.757000,1778299103.757000,parsed_events,407,2047,5.0294840294840295,698,1.714987714987715,122,122,291,116,5,1,16,16,1,1,1,124,3,0,0,0,18,20,121,0,0,0,0,0,0,110,159,122,0,6,10,0,0,0,0,0,0,0,0,0,0,0,0,0,0,0,0,0,0,0,0,0,0,0,0,407,0,0,0,0,0,0,0,0,0,0,0,259,122,6,0,20,0,0,0,0,0,0,0,0,116,123,0,0,72,0,20,25,25,4,0,0,0,6,0,5,0,0,0,0,0,4,0,0,1,0,0,1,2,0,0,0,0,0,0,0,1,1,1,0,0,0,0,0,0,0,0,0,0,0,116,123,0,0,72,0,20,25,25,4,0,0,0,6,0,5,0,0,0,0,0,0,0,0,4,0,1,0,0,1,2,0,0,0,0,0,1,1,1,0,0,0,0,0,0,0,0,0,0,0,0,0,0,407,unlabeled
27,1778299103.757000,1778299113.757000,parsed_events,359,1640,4.56824512534819,486,1.3537604456824512,40,40,228,131,14,1,20,19,1,1,1,41,6,0,0,0,81,9,177,0,0,0,0,0,0,128,49,40,77,27,1,0,12,11,0,7,0,0,3,0,1,1,0,0,1,1,0,0,0,0,0,0,0,0,0,359,0,0,0,0,0,0,0,0,0,0,0,292,33,27,0,0,7,0,0,0,0,0,0,0,120,8,79,91,2,0,2,2,3,6,15,12,0,0,0,0,0,0,0,5,6,0,2,1,0,0,0,0,0,1,2,1,0,0,1,0,0,0,0,0,0,0,0,0,0,0,0,0,0,0,120,8,79,91,2,0,2,2,3,6,15,12,0,0,0,0,0,0,0,5,0,6,1,0,0,2,0,0,0,0,0,1,2,1,0,1,0,0,0,0,0,0,0,0,0,0,0,0,0,0,0,0,0,359,unlabeled
28,1778299113.757000,1778299123.757000,parsed_events,218,1028,4.715596330275229,322,1.4770642201834863,21,21,124,94,9,1,9,8,1,1,1,22,4,0,0,0,66,9,149,0,0,0,0,0,0,101,41,21,0,22,0,0,12,10,0,7,0,0,3,0,0,0,0,0,1,0,0,0,0,0,0,0,0,0,0,218,0,0,0,0,0,0,0,0,0,0,0,175,14,22,0,0,7,0,0,0,0,0,0,0,91,4,0,91,0,0,0,0,1,4,14,12,0,0,0,0,0,0,0,0,0,0,0,0,0,0,0,0,0,0,0,0,0,0,0,0,0,0,0,0,0,1,0,0,0,0,0,0,0,0,91,4,0,91,0,0,0,0,1,4,14,12,0,0,0,0,0,0,0,0,0,0,0,0,0,0,0,0,0,0,0,0,0,0,0,0,0,0,0,0,0,0,1,0,0,0,0,0,0,0,0,0,0,218,unlabeled
29,1778299123.757000,1778299133.757000,parsed_events,252,1112,4.412698412698413,309,1.2261904761904763,37,37,136,116,10,1,23,23,1,1,1,38,4,0,0,0,24,0,110,0,0,0,0,0,0,108,17,37,77,8,1,0,0,1,0,0,0,0,0,0,1,1,0,0,0,1,0,0,0,0,0,0,0,0,0,252,0,0,0,0,0,0,0,0,0,0,0,207,37,8,0,0,0,0,0,0,0,0,0,0,116,12,79,0,4,0,2,2,1,4,0,0,5,0,0,0,0,0,0,5,6,2,2,0,1,0,0,1,2,1,2,1,0,0,1,0,1,1,1,0,0,0,0,0,0,0,0,0,0,0,116,12,79,0,4,0,2,2,1,4,0,0,5,0,0,0,0,0,0,5,0,6,0,0,2,2,1,0,0,1,2,1,2,1,0,1,1,1,1,0,0,0,0,0,0,0,0,0,0,0,0,0,0,252,unlabeled
30,1778299133.757000,1778299143.757000,parsed_events,110,478,4.345454545454546,120,1.0909090909090908,16,16,37,73,4,1,10,10,1,1,1,18,3,0,0,0,84,0,56,0,0,0,0,0,0,56,10,16,0,28,0,0,0,0,0,0,0,0,0,0,0,0,0,0,0,0,0,0,0,0,0,0,0,0,0,110,0,0,0,0,0,0,0,0,0,0,0,66,14,28,0,0,2,0,0,0,0,0,0,0,58,8,0,0,0,0,0,0,0,4,14,12,0,6,0,5,0,0,0,0,0,0,0,0,0,0,0,0,0,1,0,1,0,0,0,1,0,0,0,0,0,0,0,0,0,0,0,0,0,0,58,8,0,0,0,0,0,0,0,4,14,12,0,6,0,5,0,0,0,0,0,0,0,0,0,0,0,0,0,0,0,1,0,1,0,0,0,0,0,1,0,0,0,0,0,0,0,0,0,0,0,0,0,110,unlabeled
31,1778299143.757000,1778299153.757000,parsed_events,81,367,4.530864197530864,102,1.2592592592592593,16,16,23,58,5,1,9,9,1,1,1,16,4,0,0,0,18,0,54,0,0,0,0,0,0,54,4,16,0,6,0,0,0,0,0,0,0,0,0,0,0,0,0,1,0,0,0,0,0,0,0,0,0,0,0,81,0,0,0,0,0,0,0,0,0,0,0,59,14,6,0,0,0,0,0,2,0,0,0,0,58,4,0,0,0,0,0,0,1,4,0,0,0,0,0,0,6,0,0,0,0,0,0,1,2,4,0,0,0,0,0,0,1,0,0,0,0,0,0,0,0,0,0,0,0,0,0,0,0,0,58,4,0,0,0,0,0,0,1,4,0,0,0,0,0,0,6,0,0,0,1,0,1,0,0,0,2,4,0,0,0,0,0,0,0,0,0,0,0,0,0,0,0,0,0,0,0,0,0,0,0,0,0,81,unlabeled
32,1778299153.757000,1778299163.757000,parsed_events,155,715,4.612903225806452,207,1.335483870967742,40,37,57,98,6,1,19,19,2,2,2,38,7,3,3,3,24,0,89,0,6,0,0,0,3,84,16,40,4,8,0,0,3,0,0,0,0,0,0,0,0,0,0,0,0,0,0,0,0,0,0,0,0,0,0,155,0,0,0,0,0,0,0,0,0,0,0,104,37,8,0,0,2,0,0,0,1,3,0,0,90,15,8,0,0,0,0,3,1,5,8,0,0,0,0,0,0,0,0,0,0,0,2,3,0,0,3,0,0,0,0,0,0,0,0,0,0,0,0,0,0,0,2,0,0,0,0,0,2,0,90,15,8,0,0,0,0,3,1,5,8,0,0,0,0,0,0,0,0,0,0,0,3,4,0,2,0,0,3,0,0,0,0,0,0,0,0,0,0,0,0,0,0,2,0,0,0,2,0,0,0,0,0,155,unlabeled
33,1778299163.757000,1778299173.757000,parsed_events,450,2279,5.064444444444445,798,1.7733333333333334,131,131,348,102,4,1,9,9,1,1,1,132,3,0,0,0,0,40,128,0,0,0,0,0,0,108,191,131,0,0,20,0,0,0,0,0,0,0,0,0,0,0,0,0,0,0,0,0,0,0,0,0,0,0,0,450,0,0,0,0,0,0,0,0,0,0,0,279,131,0,0,40,0,0,0,0,0,0,0,0,116,146,0,0,90,0,40,25,25,4,0,0,0,0,0,0,0,0,0,0,0,3,0,0,0,0,0,0,0,0,0,0,0,0,0,0,0,0,0,0,0,1,0,0,0,0,0,0,0,0,116,146,0,0,90,0,40,25,25,4,0,0,0,0,0,0,0,0,0,0,0,0,0,0,3,0,0,0,0,0,0,0,0,0,0,0,0,0,0,0,0,0,1,0,0,0,0,0,0,0,0,0,0,450,unlabeled
34,1778299173.757000,1778299183.757000,parsed_events,98,453,4.622448979591836,129,1.316326530612245,22,22,34,64,6,1,13,13,1,1,1,23,4,0,0,0,24,0,62,0,6,0,0,0,0,56,8,22,3,8,0,0,0,0,0,0,0,0,0,0,0,0,0,1,0,0,0,0,0,0,0,0,0,0,0,98,0,0,0,0,0,0,0,0,0,0,0,68,22,8,0,0,0,0,0,0,0,0,0,0,61,7,6,0,0,0,0,1,0,4,0,0,5,0,0,0,6,0,0,0,0,0,2,0,2,0,0,0,0,1,0,1,1,0,0,1,0,0,0,0,0,0,0,0,0,0,0,0,0,0,61,7,6,0,0,0,0,1,0,4,0,0,5,0,0,0,6,0,0,0,1,0,0,0,0,2,2,0,0,0,0,1,0,1,0,0,0,0,0,1,0,0,0,0,0,0,0,0,0,0,0,0,0,98,unlabeled
35,1778299183.757000,1778299193.757000,parsed_events,273,1321,4.8388278388278385,427,1.564102564102564,40,40,149,124,12,1,15,14,1,1,1,41,5,0,0,0,18,9,180,0,0,0,0,0,0,130,56,40,0,6,2,0,12,12,0,7,0,0,3,0,2,2,0,0,1,0,0,0,0,0,0,0,0,0,0,273,0,0,0,0,0,0,0,0,0,0,0,227,35,6,0,0,5,0,0,0,0,0,0,0,120,13,0,91,4,0,4,4,3,3,0,0,0,6,0,5,0,0,0,10,0,0,4,0,0,0,0,0,0,0,4,0,0,0,2,0,0,0,0,0,0,0,0,0,0,0,0,0,0,0,120,13,0,91,4,0,4,4,3,3,0,0,0,6,0,5,0,0,0,10,0,0,0,0,0,4,0,0,0,0,0,0,4,0,0,2,0,0,0,0,0,0,0,0,0,0,0,0,0,0,0,0,0,273,unlabeled
36,1778299193.757000,1778299203.757000,parsed_events,258,1205,4.670542635658915,369,1.430232558139535,33,33,148,108,12,3,14,14,2,2,2,35,6,12,12,12,90,9,151,0,0,0,0,0,0,103,50,33,0,30,0,3,12,10,3,7,2,0,3,1,0,0,0,0,1,0,0,0,0,0,0,0,0,0,0,256,0,0,0,0,0,0,0,0,1,1,0,186,26,30,7,0,7,0,2,0,0,0,0,0,91,13,0,91,0,0,0,0,3,7,14,12,0,6,0,5,0,2,0,0,0,0,0,2,0,0,0,0,0,0,0,0,0,0,0,0,0,0,0,0,0,0,0,0,0,0,0,0,0,9,91,13,0,91,0,0,0,0,3,7,14,12,0,6,0,5,0,2,0,0,1,0,2,0,0,0,0,0,0,0,0,0,0,0,0,0,0,0,0,0,0,0,0,0,10,0,0,0,0,0,0,0,0,258,unlabeled
37,1778299203.757000,1778299213.757000,parsed_events,524,2517,4.8034351145038165,827,1.5782442748091603,115,112,406,118,6,1,20,20,1,1,1,112,4,0,0,0,18,0,109,0,0,0,0,0,3,109,190,115,103,6,0,0,0,0,0,0,0,0,0,0,0,0,0,0,0,1,0,0,0,0,0,0,0,0,0,524,0,0,0,0,0,0,0,0,0,0,0,403,114,6,0,0,0,0,0,0,1,0,0,0,116,164,106,0,52,0,0,27,26,5,0,0,0,0,0,0,0,0,0,0,6,3,0,3,1,0,3,1,2,1,0,1,0,0,0,0,1,1,1,0,0,0,0,0,0,0,0,0,0,0,116,164,106,0,52,0,0,27,26,5,0,0,0,0,0,0,0,0,0,0,0,6,3,4,3,0,1,0,3,1,2,1,0,1,0,0,1,1,1,0,0,0,0,0,0,0,0,0,0,0,0,0,0,524,unlabeled
38,1778299213.757000,1778299223.757000,parsed_events,68,302,4.4411764705882355,86,1.2647058823529411,10,10,20,48,4,1,5,5,1,1,1,10,2,0,0,0,6,0,54,0,0,0,0,0,0,54,2,10,0,2,0,0,0,0,0,0,0,0,0,0,0,0,0,0,0,0,0,0,0,0,0,0,0,0,0,68,0,0,0,0,0,0,0,0,0,0,0,56,8,2,0,0,0,0,0,2,0,0,0,0,58,2,0,0,0,0,0,0,0,3,0,0,0,0,0,0,0,0,0,0,0,0,0,0,0,4,0,0,0,0,0,0,0,0,0,0,0,0,0,0,0,1,0,0,0,0,0,0,0,0,58,2,0,0,0,0,0,0,0,3,0,0,0,0,0,0,0,0,0,0,0,0,0,0,0,0,0,4,0,0,0,0,0,0,0,0,0,0,0,0,0,0,1,0,0,0,0,0,0,0,0,0,0,68,unlabeled
39,1778299223.757000,1778299233.757000,parsed_events,179,721,4.027932960893855,183,1.0223463687150838,27,27,76,97,8,7,17,17,2,3,1,29,4,24,39,0,54,0,85,0,0,0,0,0,0,83,16,27,0,18,0,17,0,0,10,0,6,0,0,1,0,0,1,0,0,0,0,0,0,0,0,0,0,0,0,173,1,1,1,1,1,1,0,0,0,0,0,99,26,18,29,0,0,0,6,1,0,0,0,0,87,14,0,0,2,42,0,0,1,4,0,0,0,6,0,5,0,6,0,0,0,2,0,1,1,2,0,1,2,0,0,0,0,0,0,0,1,1,1,0,0,0,0,0,0,0,0,0,0,0,87,14,0,0,2,42,0,0,1,4,0,0,0,6,0,5,0,6,0,0,0,0,1,0,2,0,1,2,0,1,2,0,0,0,0,0,1,1,1,0,0,0,0,0,0,0,0,0,0,0,0,0,0,179,unlabeled
40,1778299233.757000,1778299243.757000,parsed_events,496,2268,4.57258064516129,739,1.4899193548387097,104,104,387,97,12,7,18,18,2,3,1,105,6,47,77,0,69,0,84,0,0,0,0,0,0,81,214,104,0,23,1,34,0,1,20,0,12,0,0,2,1,1,2,0,0,0,0,0,0,0,0,0,0,0,0,484,2,2,2,2,2,2,0,0,0,0,0,299,103,23,58,0,0,0,12,1,0,0,0,0,87,183,0,0,52,84,2,27,26,5,0,0,0,0,0,0,0,12,0,5,0,1,2,0,0,2,0,0,0,0,2,0,0,0,1,0,0,0,0,0,0,0,2,0,0,0,0,0,0,0,87,183,0,0,52,84,2,27,26,5,0,0,0,0,0,0,0,12,0,5,0,0,0,0,1,2,0,2,0,0,0,0,2,0,0,1,0,0,0,0,0,0,0,2,0,0,0,0,0,0,0,0,0,496,unlabeled
41,1778299243.757000,1778299253.757000,parsed_events,270,1266,4.688888888888889,385,1.4259259259259258,32,32,135,135,10,1,15,14,1,1,1,33,5,0,0,0,90,9,176,0,0,0,0,0,0,128,46,32,0,30,0,0,12,10,0,7,0,0,3,0,0,0,0,1,1,0,0,0,0,0,0,0,0,0,0,270,0,0,0,0,0,0,0,0,0,0,0,208,25,30,0,0,7,0,0,0,0,0,0,0,120,9,0,91,0,0,0,0,1,6,14,12,5,0,0,0,6,0,0,0,0,0,0,0,2,0,0,0,0,1,0,1,1,0,0,1,0,0,0,0,0,0,0,0,0,0,0,0,0,0,120,9,0,91,0,0,0,0,1,6,14,12,5,0,0,0,6,0,0,0,1,0,0,0,0,0,2,0,0,0,0,1,0,1,0,0,0,0,0,1,0,0,0,0,0,0,0,0,0,0,0,0,0,270,unlabeled
42,1778299253.757000,1778299263.757000,parsed_events,339,1502,4.430678466076696,427,1.2595870206489677,48,48,244,95,7,1,16,16,1,1,1,50,4,0,0,0,30,20,101,0,6,0,0,0,0,85,30,48,155,10,10,0,0,0,0,0,0,0,0,0,0,0,0,0,0,1,0,0,0,0,0,0,0,0,0,339,0,0,0,0,0,0,0,0,0,0,0,261,48,10,0,20,0,0,0,0,0,0,0,0,90,19,160,0,20,0,20,1,1,5,0,0,0,6,0,5,0,0,0,0,6,1,2,1,0,0,0,0,0,1,0,1,0,0,0,0,0,0,0,0,0,0,0,0,0,0,0,0,0,0,90,19,160,0,20,0,20,1,1,5,0,0,0,6,0,5,0,0,0,0,0,6,1,0,1,2,0,0,0,0,0,1,0,1,0,0,0,0,0,0,0,0,0,0,0,0,0,0,0,0,0,0,0,339,unlabeled
43,1778299263.757000,1778299273.757000,parsed_events,52,242,4.653846153846154,71,1.3653846153846154,16,13,19,33,5,1,9,9,1,1,1,12,2,0,0,0,6,0,27,0,0,0,0,0,3,28,5,16,1,2,0,0,0,0,0,0,0,0,0,0,0,0,0,0,0,0,0,0,0,0,0,0,0,0,0,52,0,0,0,0,0,0,0,0,0,0,0,34,15,2,0,0,0,0,0,0,1,0,0,0,29,5,2,0,0,0,0,2,1,3,0,0,0,0,0,0,0,0,0,0,0,0,0,3,0,0,3,0,0,0,0,0,0,0,0,0,0,0,0,0,0,0,0,0,0,0,0,0,0,0,29,5,2,0,0,0,0,2,1,3,0,0,0,0,0,0,0,0,0,0,0,0,3,4,0,0,0,0,3,0,0,0,0,0,0,0,0,0,0,0,0,0,0,0,0,0,0,0,0,0,0,0,0,52,unlabeled
44,1778299273.757000,1778299283.757000,parsed_events,226,1077,4.765486725663717,336,1.4867256637168142,55,55,114,112,9,1,17,17,1,1,1,57,5,0,0,0,18,20,129,0,6,0,0,0,0,112,36,55,3,6,11,0,0,1,0,0,0,0,0,0,1,1,0,0,0,0,0,0,0,0,0,0,0,0,0,226,0,0,0,0,0,0,0,0,0,0,0,145,55,6,0,20,0,0,0,0,0,0,0,0,119,21,6,0,22,0,22,3,2,5,0,0,0,6,0,5,0,0,0,5,0,1,4,1,0,0,0,0,0,0,2,0,0,0,1,0,0,0,0,0,0,1,0,0,0,0,0,0,0,0,119,21,6,0,22,0,22,3,2,5,0,0,0,6,0,5,0,0,0,5,0,0,1,0,1,4,0,0,0,0,0,0,2,0,0,1,0,0,0,0,0,0,1,0,0,0,0,0,0,0,0,0,0,226,unlabeled
45,1778299283.757000,1778299293.757000,parsed_events,283,1203,4.250883392226148,315,1.1130742049469964,28,25,185,98,7,1,15,15,1,1,1,25,6,0,0,0,42,0,81,0,0,0,0,0,3,81,5,28,153,14,0,0,0,0,0,0,0,0,0,0,0,0,0,1,0,1,0,0,0,0,0,0,0,0,0,283,0,0,0,0,0,0,0,0,0,0,0,241,27,14,0,0,0,0,0,0,1,0,0,0,87,6,156,0,0,0,0,1,1,3,0,0,5,0,0,0,6,0,0,0,6,0,0,0,2,0,3,0,0,1,0,1,1,0,0,0,0,0,0,0,0,0,0,0,0,0,0,0,0,0,87,6,156,0,0,0,0,1,1,3,0,0,5,0,0,0,6,0,0,0,1,6,0,4,0,0,2,0,3,0,0,1,0,1,0,0,0,0,0,0,0,0,0,0,0,0,0,0,0,0,0,0,0,283,unlabeled
46,1778299293.757000,1778299303.757000,parsed_events,160,721,4.50625,200,1.25,35,35,67,93,4,1,15,15,1,1,1,36,2,0,0,0,66,0,83,0,0,0,0,0,0,82,21,35,0,22,0,0,0,0,0,0,0,0,0,0,0,0,0,0,0,0,0,0,0,0,0,0,0,0,0,160,0,0,0,0,0,0,0,0,0,0,0,103,33,22,0,0,2,0,0,0,0,0,0,0,87,16,0,0,4,0,0,1,0,5,14,12,0,0,0,0,0,0,0,0,0,4,0,3,2,0,0,2,4,0,0,0,0,0,0,0,2,2,2,0,0,0,0,0,0,0,0,0,0,0,87,16,0,0,4,0,0,1,0,5,14,12,0,0,0,0,0,0,0,0,0,0,3,0,4,0,2,0,0,2,4,0,0,0,0,0,2,2,2,0,0,0,0,0,0,0,0,0,0,0,0,0,0,160,unlabeled
47,1778299303.757000,1778299313.757000,parsed_events,256,1230,4.8046875,391,1.52734375,34,34,128,128,10,1,13,12,1,1,1,35,5,0,0,0,36,9,176,0,0,0,0,0,0,128,48,34,0,12,0,0,12,10,0,7,0,0,3,0,0,0,0,1,1,0,0,0,0,0,0,0,0,0,0,256,0,0,0,0,0,0,0,0,0,0,0,210,29,12,0,0,5,0,0,0,0,0,0,0,120,13,0,91,0,0,0,0,1,6,0,0,10,0,0,0,6,0,0,0,0,0,0,0,2,0,0,0,0,2,0,2,1,0,0,2,0,0,0,0,0,0,0,0,0,0,0,0,0,0,120,13,0,91,0,0,0,0,1,6,0,0,10,0,0,0,6,0,0,0,1,0,0,0,0,0,2,0,0,0,0,2,0,2,0,0,0,0,0,2,0,0,0,0,0,0,0,0,0,0,0,0,0,256,unlabeled
48,1778299313.757000,1778299323.757000,parsed_events,450,2250,5.0,795,1.7666666666666666,101,101,348,102,8,1,14,14,1,1,1,102,4,0,0,0,6,0,109,0,0,0,0,0,0,108,235,101,0,2,1,0,0,1,0,0,0,0,0,0,1,1,0,0,0,0,0,0,0,0,0,0,0,0,0,450,0,0,0,0,0,0,0,0,0,0,0,347,99,2,0,0,0,0,0,2,0,0,0,0,116,206,0,0,52,0,2,27,26,5,0,0,0,0,0,0,0,0,0,5,0,1,2,0,0,4,0,0,0,0,2,0,0,0,1,0,0,0,0,0,0,1,0,0,0,0,0,0,0,0,116,206,0,0,52,0,2,27,26,5,0,0,0,0,0,0,0,0,0,5,0,0,0,0,1,2,0,4,0,0,0,0,2,0,0,1,0,0,0,0,0,0,1,0,0,0,0,0,0,0,0,0,0,450,unlabeled
49,1778299323.757000,1778299333.757000,parsed_events,581,2932,5.046471600688468,1045,1.7986230636833047,111,111,457,124,10,1,18,17,1,1,1,113,6,0,0,0,24,9,177,0,0,0,0,0,0,128,300,111,0,8,0,0,12,10,0,7,0,0,3,0,0,0,0,1,1,0,0,0,0,0,0,0,0,0,0,581,0,0,0,0,0,0,0,0,0,0,0,462,106,8,0,0,5,0,0,0,0,0,0,0,120,239,0,91,52,0,0,25,26,4,0,0,5,0,0,0,6,0,0,0,0,3,0,0,3,0,0,1,2,0,0,0,1,0,0,0,1,1,1,0,0,0,0,0,0,0,0,0,0,0,120,239,0,91,52,0,0,25,26,4,0,0,5,0,0,0,6,0,0,0,1,0,0,0,3,0,3,0,0,1,2,0,0,0,0,0,1,1,1,0,0,0,0,0,0,0,0,0,0,0,0,0,0,581,unlabeled
50,1778299333.757000,1778299343.757000,parsed_events,144,628,4.361111111111111,163,1.1319444444444444,28,25,46,98,5,1,14,14,1,1,1,24,3,0,0,0,72,0,81,0,0,0,0,0,3,82,9,28,1,24,0,0,0,0,0,0,0,0,0,0,0,0,0,0,0,0,0,0,0,0,0,0,0,0,0,144,0,0,0,0,0,0,0,0,0,0,0,92,25,24,0,0,2,0,0,0,1,0,0,0,87,7,2,0,0,0,0,2,1,5,14,12,0,0,0,0,0,0,0,0,0,0,0,3,0,0,3,0,0,0,0,0,0,0,0,0,0,0,0,0,0,0,2,0,0,0,0,0,0,0,87,7,2,0,0,0,0,2,1,5,14,12,0,0,0,0,0,0,0,0,0,0,3,4,0,0,0,0,3,0,0,0,0,0,0,0,0,0,0,0,0,0,0,2,0,0,0,0,0,0,0,0,0,144,unlabeled
51,1778299343.757000,1778299353.757000,parsed_events,416,1816,4.365384615384615,505,1.2139423076923077,49,49,292,124,7,1,16,16,1,1,1,51,4,0,0,0,42,20,120,0,0,0,0,0,0,110,30,49,202,14,10,0,0,0,0,0,0,0,0,0,0,0,0,0,0,1,0,0,0,0,0,0,0,0,0,416,0,0,0,0,0,0,0,0,0,0,0,333,49,14,0,20,0,0,0,0,0,0,0,0,116,20,204,0,20,0,20,0,1,6,0,0,5,6,0,5,0,0,0,0,6,1,0,1,0,0,0,0,0,2,0,2,0,0,0,1,0,0,0,0,0,0,0,0,0,0,0,0,0,0,116,20,204,0,20,0,20,0,1,6,0,0,5,6,0,5,0,0,0,0,0,6,1,0,1,0,0,0,0,0,0,2,0,2,0,0,0,0,0,1,0,0,0,0,0,0,0,0,0,0,0,0,0,416,unlabeled
52,1778299353.757000,1778299363.757000,parsed_events,123,545,4.430894308943089,141,1.146341463414634,25,25,50,73,5,1,12,12,1,1,1,26,4,0,0,0,84,0,62,0,6,0,0,0,0,56,11,25,3,28,0,0,0,0,0,0,0,0,0,0,0,0,0,0,0,0,0,0,0,0,0,0,0,0,0,123,0,0,0,0,0,0,0,0,0,0,0,70,21,28,0,0,4,0,0,0,0,0,0,0,61,8,6,0,0,0,0,1,0,5,22,12,0,0,0,0,0,0,0,0,0,0,2,0,0,0,0,0,0,0,0,0,0,0,0,0,0,0,0,0,0,0,0,0,0,0,0,0,2,0,61,8,6,0,0,0,0,1,0,5,22,12,0,0,0,0,0,0,0,0,0,0,0,0,0,2,0,0,0,0,0,0,0,0,0,0,0,0,0,0,0,0,0,0,0,0,0,2,0,0,0,0,0,123,unlabeled
53,1778299363.757000,1778299373.757000,parsed_events,216,1017,4.708333333333333,318,1.4722222222222223,20,20,122,94,9,1,9,8,1,1,1,21,4,0,0,0,66,9,149,0,0,0,0,0,0,100,41,20,0,22,0,0,12,10,0,7,0,0,3,0,0,0,0,0,1,0,0,0,0,0,0,0,0,0,0,216,0,0,0,0,0,0,0,0,0,0,0,174,13,22,0,0,7,0,0,0,0,0,0,0,91,4,0,90,0,0,0,0,1,3,14,12,0,0,0,0,0,0,0,0,0,0,0,0,0,0,0,0,0,0,0,0,0,0,0,0,0,0,0,0,0,1,0,0,0,0,0,0,0,0,91,4,0,90,0,0,0,0,1,3,14,12,0,0,0,0,0,0,0,0,0,0,0,0,0,0,0,0,0,0,0,0,0,0,0,0,0,0,0,0,0,0,1,0,0,0,0,0,0,0,0,0,0,216,unlabeled
54,1778299373.757000,1778299383.757000,parsed_events,192,894,4.65625,265,1.3802083333333333,48,45,74,118,9,1,26,26,1,1,1,45,4,0,0,0,18,0,110,0,0,0,0,0,3,109,24,48,1,6,1,0,0,1,0,0,0,0,0,0,1,1,0,0,0,0,0,0,0,0,0,0,0,0,0,192,0,0,0,0,0,0,0,0,0,0,0,138,47,6,0,0,0,0,0,0,1,0,0,0,116,19,2,0,4,0,2,4,2,6,0,0,5,0,0,0,0,0,0,5,0,2,2,3,1,0,3,1,2,1,2,1,0,0,1,1,1,1,1,0,0,0,0,0,0,0,0,0,0,0,116,19,2,0,4,0,2,4,2,6,0,0,5,0,0,0,0,0,0,5,0,0,3,4,2,2,1,0,3,1,2,1,2,1,0,1,1,1,1,1,0,0,0,0,0,0,0,0,0,0,0,0,0,192,unlabeled
55,1778299383.757000,1778299393.757000,parsed_events,785,3709,4.72484076433121,1221,1.5554140127388536,125,125,667,118,8,1,16,16,1,1,1,126,5,0,0,0,24,20,126,0,6,0,0,0,0,110,300,125,230,8,10,0,0,0,0,0,0,0,0,0,0,0,0,1,0,1,0,0,0,0,0,0,0,0,0,785,0,0,0,0,0,0,0,0,0,0,0,632,125,8,0,20,0,0,0,0,0,0,0,0,119,264,235,0,70,0,20,26,25,5,0,0,0,0,0,0,6,0,0,0,6,2,2,0,2,0,0,0,0,1,0,1,1,0,0,0,0,0,0,0,0,0,0,0,0,0,0,0,0,0,119,264,235,0,70,0,20,26,25,5,0,0,0,0,0,0,6,0,0,0,1,6,0,0,2,2,2,0,0,0,0,1,0,1,0,0,0,0,0,0,0,0,0,0,0,0,0,0,0,0,0,0,0,785,unlabeled
56,1778299393.757000,1778299403.757000,parsed_events,276,1331,4.822463768115942,426,1.5434782608695652,38,38,144,132,12,1,16,15,1,1,1,42,7,0,0,0,36,9,181,0,0,0,0,0,0,132,57,38,0,12,1,0,12,11,0,7,0,0,3,0,1,1,0,0,1,0,0,0,0,0,0,0,0,0,0,276,0,0,0,0,0,0,0,0,0,0,0,226,33,12,0,0,5,0,0,0,0,0,0,0,120,18,0,91,2,0,2,2,3,5,0,0,0,12,0,10,0,0,0,5,0,0,2,1,0,0,0,0,0,0,2,0,0,0,1,0,0,0,0,0,0,0,0,0,0,0,0,0,0,0,120,18,0,91,2,0,2,2,3,5,0,0,0,12,0,10,0,0,0,5,0,0,1,0,0,2,0,0,0,0,0,0,2,0,0,1,0,0,0,0,0,0,0,0,0,0,0,0,0,0,0,0,0,276,unlabeled
57,1778299403.757000,1778299413.757000,parsed_events,353,1484,4.203966005665722,391,1.1076487252124645,24,24,266,87,6,1,12,12,1,1,1,26,6,0,0,0,30,0,83,0,0,0,0,0,0,83,8,24,227,10,0,0,0,0,0,0,0,0,0,0,0,0,0,0,0,1,0,0,0,0,0,0,0,0,0,353,0,0,0,0,0,0,0,0,0,0,0,319,24,10,0,0,0,0,0,0,0,0,0,0,87,8,229,0,0,0,0,0,2,5,0,0,0,6,0,5,0,0,0,0,6,0,0,2,0,0,0,0,0,1,0,1,0,0,0,0,0,0,0,0,0,1,0,0,0,0,0,0,0,0,87,8,229,0,0,0,0,0,2,5,0,0,0,6,0,5,0,0,0,0,0,6,2,0,0,0,0,0,0,0,0,1,0,1,0,0,0,0,0,0,0,0,1,0,0,0,0,0,0,0,0,0,0,353,unlabeled
58,1778299413.757000,1778299423.757000,parsed_events,235,786,3.34468085106383,153,0.6510638297872341,26,23,133,84,9,7,12,12,2,3,1,22,5,71,116,0,111,0,57,0,0,0,0,0,3,55,11,26,1,37,0,51,0,0,30,0,18,0,0,3,0,0,3,0,0,0,0,0,0,0,0,0,0,0,0,217,3,3,3,3,3,3,0,0,0,0,0,67,23,37,87,0,0,0,18,2,1,0,0,0,58,8,2,0,0,126,0,2,1,5,0,0,0,0,0,0,0,18,0,0,0,0,0,3,0,4,3,0,0,0,0,0,0,0,0,0,0,0,0,0,0,0,0,0,0,0,0,0,0,0,58,8,2,0,0,126,0,2,1,5,0,0,0,0,0,0,0,18,0,0,0,0,3,4,0,0,0,4,3,0,0,0,0,0,0,0,0,0,0,0,0,0,0,0,0,0,0,0,0,0,0,0,0,235,unlabeled
59,1778299423.757000,1778299433.757000,parsed_events,233,1074,4.609442060085837,310,1.3304721030042919,51,51,106,127,6,1,17,17,1,1,1,52,4,0,0,0,93,20,119,0,0,0,0,0,0,108,32,51,0,31,10,0,0,0,0,0,0,0,0,0,0,0,0,1,0,0,0,0,0,0,0,0,0,0,0,233,0,0,0,0,0,0,0,0,0,0,0,131,49,31,0,20,2,0,0,0,0,0,0,0,116,19,0,0,22,0,20,0,0,5,15,12,5,0,0,0,6,0,0,0,0,3,0,0,3,0,0,1,2,0,0,0,1,0,0,0,1,1,1,0,0,0,0,0,0,0,0,0,0,0,116,19,0,0,22,0,20,0,0,5,15,12,5,0,0,0,6,0,0,0,1,0,0,0,3,0,3,0,0,1,2,0,0,0,0,0,1,1,1,0,0,0,0,0,0,0,0,0,0,0,0,0,0,233,unlabeled
60,1778299433.757000,1778299443.757000,parsed_events,493,2483,5.036511156186613,904,1.8336713995943206,98,98,412,81,7,1,15,15,1,1,1,99,4,0,0,0,0,0,82,0,0,0,0,0,0,81,310,98,0,0,1,0,0,1,0,0,0,0,0,0,1,1,0,0,0,0,0,0,0,0,0,0,0,0,0,493,0,0,0,0,0,0,0,0,0,0,0,395,98,0,0,0,0,0,0,0,0,0,0,0,87,281,0,0,52,0,2,27,26,3,0,0,0,0,0,0,0,0,0,5,0,1,2,0,0,0,0,0,0,0,2,0,0,0,1,0,0,0,0,0,0,0,2,0,0,0,0,0,0,0,87,281,0,0,52,0,2,27,26,3,0,0,0,0,0,0,0,0,0,5,0,0,0,0,1,2,0,0,0,0,0,0,2,0,0,1,0,0,0,0,0,0,0,2,0,0,0,0,0,0,0,0,0,493,unlabeled
61,1778299443.757000,1778299453.757000,parsed_events,102,471,4.617647058823529,135,1.3235294117647058,22,22,38,64,5,1,11,11,1,1,1,24,3,0,0,0,24,0,64,0,6,0,0,0,0,58,11,22,3,8,0,0,0,0,0,0,0,0,0,0,0,0,0,0,0,0,0,0,0,0,0,0,0,0,0,102,0,0,0,0,0,0,0,0,0,0,0,72,20,8,0,0,0,0,0,2,0,0,0,0,61,10,6,0,0,0,0,1,1,5,0,0,0,6,0,5,0,0,0,0,0,0,2,1,0,4,0,0,0,0,0,0,0,0,0,0,0,0,0,0,0,0,0,0,0,0,0,0,0,0,61,10,6,0,0,0,0,1,1,5,0,0,0,6,0,5,0,0,0,0,0,0,1,0,0,2,0,4,0,0,0,0,0,0,0,0,0,0,0,0,0,0,0,0,0,0,0,0,0,0,0,0,0,102,unlabeled
62,1778299453.757000,1778299463.757000,parsed_events,174,860,4.942528735632184,289,1.660919540229885,20,20,108,66,9,1,10,9,1,1,1,21,3,0,0,0,12,9,122,0,0,0,0,0,0,74,43,20,0,4,0,0,12,10,0,7,0,0,3,0,0,0,0,0,1,0,0,0,0,0,0,0,0,0,0,174,0,0,0,0,0,0,0,0,0,0,0,150,15,4,0,0,5,0,0,0,0,0,0,0,62,8,0,91,0,0,0,0,1,4,0,0,5,0,0,0,0,0,0,0,0,0,0,0,0,0,0,0,0,1,0,1,0,0,0,1,0,0,0,0,0,0,0,0,0,0,0,0,0,0,62,8,0,91,0,0,0,0,1,4,0,0,5,0,0,0,0,0,0,0,0,0,0,0,0,0,0,0,0,0,0,1,0,1,0,0,0,0,0,1,0,0,0,0,0,0,0,0,0,0,0,0,0,174,unlabeled
63,1778299463.757000,1778299473.757000,parsed_events,725,3606,4.973793103448276,1275,1.7586206896551724,120,117,543,182,11,1,18,17,1,1,1,118,8,0,0,0,42,9,230,0,0,0,0,0,3,183,373,120,1,14,0,0,12,10,0,7,0,0,3,0,0,0,0,1,1,0,0,0,0,0,0,0,0,0,0,725,0,0,0,0,0,0,0,0,0,0,0,591,114,14,0,0,5,0,0,0,1,0,0,0,178,313,2,91,50,0,0,27,27,6,0,0,10,0,0,0,6,0,0,0,0,1,0,3,2,0,3,0,0,0,0,0,1,0,0,0,0,0,0,0,0,1,0,0,0,0,0,0,0,0,178,313,2,91,50,0,0,27,27,6,0,0,10,0,0,0,6,0,0,0,1,0,3,4,1,0,2,0,3,0,0,0,0,0,0,0,0,0,0,0,0,0,1,0,0,0,0,0,0,0,0,0,0,725,unlabeled
64,1778299473.757000,1778299483.757000,parsed_events,97,449,4.628865979381444,128,1.3195876288659794,20,20,31,66,5,1,13,13,1,1,1,22,5,0,0,0,30,0,56,0,0,0,0,0,0,56,10,20,0,10,0,0,0,0,0,0,0,0,0,0,0,0,0,1,0,0,0,0,0,0,0,0,0,0,0,97,0,0,0,0,0,0,0,0,0,0,0,67,20,10,0,0,0,0,0,0,0,0,0,0,58,10,0,0,0,0,0,0,1,4,0,0,0,6,0,5,6,0,0,0,0,0,0,1,2,0,0,0,0,1,0,1,1,0,0,1,0,0,0,0,0,0,0,0,0,0,0,0,0,0,58,10,0,0,0,0,0,0,1,4,0,0,0,6,0,5,6,0,0,0,1,0,1,0,0,0,2,0,0,0,0,1,0,1,0,0,0,0,0,1,0,0,0,0,0,0,0,0,0,0,0,0,0,97,unlabeled
65,1778299483.757000,1778299493.757000,parsed_events,149,657,4.409395973154362,173,1.1610738255033557,27,27,53,96,4,1,17,17,1,1,1,28,2,0,0,0,81,0,82,0,0,0,0,0,0,81,14,27,0,27,0,0,0,0,0,0,0,0,0,0,0,0,0,0,0,0,0,0,0,0,0,0,0,0,0,149,0,0,0,0,0,0,0,0,0,0,0,95,25,27,0,0,2,0,0,0,0,0,0,0,87,11,0,0,2,0,0,0,0,5,15,12,5,0,0,0,0,0,0,0,0,2,0,0,1,0,0,1,2,1,0,1,0,0,0,1,1,1,1,0,0,0,0,0,0,0,0,0,0,0,87,11,0,0,2,0,0,0,0,5,15,12,5,0,0,0,0,0,0,0,0,0,0,0,2,0,1,0,0,1,2,1,0,1,0,0,1,1,1,1,0,0,0,0,0,0,0,0,0,0,0,0,0,149,unlabeled
66,1778299493.757000,1778299503.757000,parsed_events,528,2278,4.3143939393939394,634,1.2007575757575757,66,66,406,116,15,7,24,25,2,2,3,68,7,11,11,5,18,21,128,0,6,0,0,0,0,110,39,66,280,6,11,0,0,1,0,0,6,0,0,2,1,1,1,0,0,1,0,1,0,0,0,1,1,0,0,522,1,1,1,1,1,0,1,0,0,0,0,423,66,6,4,21,0,1,6,0,0,1,0,0,119,22,285,0,24,0,22,3,1,5,0,0,0,0,0,0,0,6,0,5,6,3,4,0,1,0,0,1,2,1,2,1,1,0,1,0,1,1,1,0,9,0,0,0,0,0,0,0,0,0,119,22,285,0,24,0,22,3,1,5,0,0,0,0,0,0,0,6,0,5,2,6,0,0,3,4,1,0,0,1,2,1,2,1,0,1,1,1,1,0,9,0,0,0,0,0,0,0,0,0,0,0,0,528,unlabeled
67,1778299503.757000,1778299513.757000,parsed_events,364,1509,4.145604395604396,393,1.0796703296703296,19,19,310,54,6,1,10,10,1,1,1,20,4,0,0,0,12,0,62,0,6,0,0,0,0,56,4,19,280,4,0,0,0,0,0,0,0,0,0,0,0,0,0,0,0,1,0,0,0,0,0,0,0,0,0,364,0,0,0,0,0,0,0,0,0,0,0,341,19,4,0,0,0,0,0,0,0,0,0,0,61,3,285,0,0,0,0,1,0,3,0,0,0,0,0,0,0,0,0,0,6,0,2,0,0,0,0,0,0,1,0,1,0,0,0,0,0,0,0,0,0,1,0,0,0,0,0,0,0,0,61,3,285,0,0,0,0,1,0,3,0,0,0,0,0,0,0,0,0,0,0,6,0,0,0,2,0,0,0,0,0,1,0,1,0,0,0,0,0,0,0,0,1,0,0,0,0,0,0,0,0,0,0,364,unlabeled
68,1778299513.757000,1778299523.757000,parsed_events,143,622,4.34965034965035,159,1.1118881118881119,22,22,43,100,4,1,12,12,1,1,1,24,4,0,0,0,84,0,83,0,0,0,0,0,0,83,10,22,0,28,0,0,0,0,0,0,0,0,0,0,0,0,0,0,0,0,0,0,0,0,0,0,0,0,0,143,0,0,0,0,0,0,0,0,0,0,0,93,20,28,0,0,2,0,0,0,0,0,0,0,87,8,0,0,0,0,0,0,1,5,14,12,0,6,0,5,0,0,0,0,0,0,0,1,0,0,0,0,0,0,0,0,0,0,0,0,0,0,0,0,0,0,2,0,0,0,0,0,0,0,87,8,0,0,0,0,0,0,1,5,14,12,0,6,0,5,0,0,0,0,0,0,1,0,0,0,0,0,0,0,0,0,0,0,0,0,0,0,0,0,0,0,0,2,0,0,0,0,0,0,0,0,0,143,unlabeled
69,1778299523.757000,1778299533.757000,parsed_events,206,927,4.5,255,1.2378640776699028,42,42,81,125,8,1,24,24,1,1,1,43,5,0,0,0,87,0,110,0,0,0,0,0,0,108,23,42,0,29,1,0,0,1,0,0,0,0,0,0,1,1,0,0,0,0,0,0,0,0,0,0,0,0,0,206,0,0,0,0,0,0,0,0,0,0,0,135,38,29,0,0,4,0,0,0,0,0,0,0,116,16,0,0,4,0,2,2,1,5,23,12,0,0,0,0,0,0,0,5,0,2,2,0,1,0,0,1,2,0,2,0,0,0,1,0,1,1,1,0,0,0,0,0,0,0,0,0,2,0,116,16,0,0,4,0,2,2,1,5,23,12,0,0,0,0,0,0,0,5,0,0,0,0,2,2,1,0,0,1,2,0,2,0,0,1,1,1,1,0,0,0,0,0,0,0,0,2,0,0,0,0,0,206,unlabeled
70,1778299533.757000,1778299543.757000,parsed_events,590,2941,4.9847457627118645,1054,1.7864406779661017,106,103,464,126,6,1,15,15,1,1,1,103,5,0,0,0,42,0,108,0,0,0,0,0,3,109,359,106,1,14,0,0,0,0,0,0,0,0,0,0,0,0,0,1,0,0,0,0,0,0,0,0,0,0,0,590,0,0,0,0,0,0,0,0,0,0,0,470,105,14,0,0,0,0,0,0,1,0,0,0,116,334,2,0,50,0,0,27,26,5,0,0,10,0,0,0,6,0,0,0,0,1,0,3,2,0,3,0,0,0,0,0,1,0,0,0,0,0,0,0,0,0,0,0,0,0,0,0,0,0,116,334,2,0,50,0,0,27,26,5,0,0,10,0,0,0,6,0,0,0,1,0,3,4,1,0,2,0,3,0,0,0,0,0,0,0,0,0,0,0,0,0,0,0,0,0,0,0,0,0,0,0,0,590,unlabeled
71,1778299543.757000,1778299553.757000,parsed_events,256,1269,4.95703125,428,1.671875,46,46,167,89,10,1,13,12,1,1,1,48,4,0,0,0,6,29,159,0,0,0,0,0,0,101,64,46,0,2,10,0,12,10,0,7,0,0,3,0,0,0,0,0,1,0,0,0,0,0,0,0,0,0,0,256,0,0,0,0,0,0,0,0,0,0,0,188,39,2,0,20,5,0,0,2,0,0,0,0,91,19,0,91,20,0,20,0,1,6,0,0,0,0,0,0,0,0,0,0,0,1,0,0,0,4,0,0,0,1,0,1,0,0,0,1,0,0,0,0,0,0,0,0,0,0,0,0,0,0,91,19,0,91,20,0,20,0,1,6,0,0,0,0,0,0,0,0,0,0,0,0,0,0,1,0,0,4,0,0,0,1,0,1,0,0,0,0,0,1,0,0,0,0,0,0,0,0,0,0,0,0,0,256,unlabeled
72,1778299553.757000,1778299563.757000,parsed_events,169,732,4.331360946745562,186,1.1005917159763314,21,21,44,125,5,1,10,10,1,1,1,21,4,0,0,0,102,0,108,0,0,0,0,0,0,108,5,21,0,34,0,0,0,0,0,0,0,0,0,0,0,0,0,1,0,0,0,0,0,0,0,0,0,0,0,169,0,0,0,0,0,0,0,0,0,0,0,114,19,34,0,0,2,0,0,0,0,0,0,0,116,3,0,0,0,0,0,0,0,4,14,12,10,0,0,0,6,0,0,0,0,0,0,0,2,0,0,0,0,0,0,0,1,0,0,0,0,0,0,0,0,1,0,0,0,0,0,0,0,0,116,3,0,0,0,0,0,0,0,4,14,12,10,0,0,0,6,0,0,0,1,0,0,0,0,0,2,0,0,0,0,0,0,0,0,0,0,0,0,0,0,0,1,0,0,0,0,0,0,0,0,0,0,169,unlabeled
73,1778299563.757000,1778299573.757000,parsed_events,72,346,4.805555555555555,104,1.4444444444444444,20,20,35,37,5,1,13,13,1,1,1,22,3,0,0,0,18,0,37,0,6,0,0,0,0,31,12,20,3,6,0,0,0,0,0,0,0,0,0,0,0,0,0,0,0,0,0,0,0,0,0,0,0,0,0,72,0,0,0,0,0,0,0,0,0,0,0,46,20,6,0,0,0,0,0,0,0,0,0,0,32,11,6,0,0,0,0,1,1,4,0,0,0,6,0,5,0,0,0,0,0,0,2,1,0,0,0,0,0,1,0,1,0,0,0,1,0,0,0,0,0,0,0,0,0,0,0,0,0,0,32,11,6,0,0,0,0,1,1,4,0,0,0,6,0,5,0,0,0,0,0,0,1,0,0,2,0,0,0,0,0,1,0,1,0,0,0,0,0,1,0,0,0,0,0,0,0,0,0,0,0,0,0,72,unlabeled
74,1778299573.757000,1778299583.757000,parsed_events,612,3055,4.991830065359477,1108,1.8104575163398693,105,105,496,116,4,1,17,17,1,1,1,107,3,0,0,0,18,0,111,0,0,0,0,0,0,110,391,105,0,6,0,0,0,0,0,0,0,0,0,0,0,0,0,0,0,0,0,0,0,0,0,0,0,0,0,612,0,0,0,0,0,0,0,0,0,0,0,501,105,6,0,0,0,0,0,0,0,0,0,0,116,365,1,0,52,0,0,26,26,4,0,0,0,6,0,5,0,0,0,0,0,3,0,1,1,0,0,1,2,0,0,0,0,0,0,0,1,1,1,0,0,0,0,0,0,0,0,0,0,0,116,365,1,0,52,0,0,26,26,4,0,0,0,6,0,5,0,0,0,0,0,0,1,0,3,0,1,0,0,1,2,0,0,0,0,0,1,1,1,0,0,0,0,0,0,0,0,0,0,0,0,0,0,612,unlabeled
75,1778299583.757000,1778299593.757000,parsed_events,746,3376,4.525469168900805,1015,1.3605898123324396,65,62,585,161,14,1,20,19,1,1,1,64,9,0,0,0,18,18,273,0,0,0,0,0,3,176,96,65,328,6,2,0,24,22,0,14,0,0,6,0,2,2,0,0,2,1,0,0,0,0,0,0,0,0,0,746,0,0,0,0,0,0,0,0,0,0,0,675,54,6,0,0,10,0,0,0,1,0,0,0,153,18,330,182,4,0,4,5,5,7,0,0,0,0,0,0,0,0,0,10,6,0,4,3,0,0,3,0,0,1,4,1,0,0,2,0,0,0,0,0,0,0,0,0,0,0,0,0,0,0,153,18,330,182,4,0,4,5,5,7,0,0,0,0,0,0,0,0,0,10,0,6,3,4,0,4,0,0,3,0,0,1,4,1,0,2,0,0,0,0,0,0,0,0,0,0,0,0,0,0,0,0,0,746,unlabeled
76,1778299593.757000,1778299603.757000,parsed_events,199,935,4.698492462311558,287,1.4422110552763818,48,45,88,111,6,1,16,16,1,1,1,45,4,0,0,0,18,20,118,0,0,0,0,0,3,108,26,48,1,6,10,0,0,0,0,0,0,0,0,0,0,0,0,0,0,0,0,0,0,0,0,0,0,0,0,199,0,0,0,0,0,0,0,0,0,0,0,125,47,6,0,20,0,0,0,0,1,0,0,0,116,17,2,0,20,0,20,1,1,5,0,0,5,0,0,0,0,0,0,0,0,1,0,0,0,0,3,0,0,1,0,1,0,0,0,1,0,0,0,0,0,1,0,0,0,0,0,0,0,0,116,17,2,0,20,0,20,1,1,5,0,0,5,0,0,0,0,0,0,0,0,0,0,4,1,0,0,0,3,0,0,1,0,1,0,0,0,0,0,1,0,0,1,0,0,0,0,0,0,0,0,0,0,199,unlabeled
77,1778299603.757000,1778299613.757000,parsed_events,126,569,4.515873015873016,161,1.2777777777777777,23,23,36,90,4,1,12,12,1,1,1,25,4,0,0,0,21,0,83,0,0,0,0,0,0,84,12,23,0,7,0,0,0,0,0,0,0,0,0,0,0,0,0,0,0,0,0,0,0,0,0,0,0,0,0,126,0,0,0,0,0,0,0,0,0,0,0,96,22,7,0,0,0,0,0,1,0,0,0,0,87,11,0,0,0,0,0,1,1,5,0,0,0,6,0,5,0,0,0,0,0,0,0,4,0,2,0,0,0,0,0,0,0,0,0,0,0,0,0,0,0,0,2,0,0,0,0,0,0,0,87,11,0,0,0,0,0,1,1,5,0,0,0,6,0,5,0,0,0,0,0,0,4,0,0,0,0,2,0,0,0,0,0,0,0,0,0,0,0,0,0,0,0,2,0,0,0,0,0,0,0,0,0,126,unlabeled
78,1778299613.757000,1778299623.757000,parsed_events,444,1823,4.1058558558558556,456,1.027027027027027,23,23,373,71,6,1,12,12,1,1,1,24,3,0,0,0,84,0,62,0,6,0,0,0,0,56,6,23,330,28,0,0,0,0,0,0,0,0,0,0,0,0,0,0,0,1,0,0,0,0,0,0,0,0,0,444,0,0,0,0,0,0,0,0,0,0,0,393,20,28,0,0,2,0,0,1,0,0,0,0,61,3,335,0,0,0,0,1,0,5,15,12,0,0,0,0,0,0,0,0,6,0,2,0,0,2,0,0,0,1,0,1,0,0,0,0,0,0,0,0,0,0,0,0,0,0,0,0,0,0,61,3,335,0,0,0,0,1,0,5,15,12,0,0,0,0,0,0,0,0,0,6,0,0,0,2,0,2,0,0,0,1,0,1,0,0,0,0,0,0,0,0,0,0,0,0,0,0,0,0,0,0,0,444,unlabeled
79,1778299623.757000,1778299633.757000,parsed_events,482,2063,4.280082987551867,594,1.2323651452282158,91,91,320,144,14,7,15,14,2,3,1,93,9,71,116,0,117,9,179,0,0,0,0,0,0,128,85,91,0,39,0,51,12,10,30,7,18,0,3,3,0,0,3,1,1,0,0,0,0,0,0,0,0,0,0,464,3,3,3,3,3,3,0,0,0,0,0,247,84,39,87,0,5,0,18,2,0,0,0,0,120,28,0,91,39,126,0,19,21,5,0,0,0,0,0,0,6,18,0,0,0,1,0,0,2,4,0,0,0,0,0,0,1,0,0,0,0,0,0,0,0,0,0,0,0,0,0,0,0,0,120,28,0,91,39,126,0,19,21,5,0,0,0,0,0,0,6,18,0,0,1,0,0,0,1,0,2,4,0,0,0,0,0,0,0,0,0,0,0,0,0,0,0,0,0,0,0,0,0,0,0,0,0,482,unlabeled
80,1778299633.757000,1778299643.757000,parsed_events,609,3012,4.945812807881773,1101,1.8078817733990147,76,76,493,116,8,1,21,21,1,1,1,79,4,0,0,0,18,20,122,0,0,0,0,0,0,110,403,76,0,6,11,0,0,1,0,0,0,0,0,0,1,1,0,0,0,0,0,0,0,0,0,0,0,0,0,609,0,0,0,0,0,0,0,0,0,0,0,507,76,6,0,20,0,0,0,0,0,0,0,0,116,382,0,0,35,0,22,8,7,7,0,0,0,6,0,5,0,0,0,5,0,3,2,1,1,0,0,1,2,0,2,0,0,0,1,0,1,1,1,0,0,0,0,0,0,0,0,0,0,0,116,382,0,0,35,0,22,8,7,7,0,0,0,6,0,5,0,0,0,5,0,0,1,0,3,2,1,0,0,1,2,0,2,0,0,1,1,1,1,0,0,0,0,0,0,0,0,0,0,0,0,0,0,609,unlabeled
81,1778299643.757000,1778299653.757000,parsed_events,231,1031,4.463203463203463,279,1.2077922077922079,39,39,75,156,5,1,21,21,1,1,1,41,6,0,0,0,108,0,138,0,0,0,0,0,0,137,18,39,0,36,0,0,0,0,0,0,0,0,0,0,0,0,0,1,0,0,0,0,0,0,0,0,0,0,0,231,0,0,0,0,0,0,0,0,0,0,0,156,37,36,0,0,2,0,0,0,0,0,0,0,145,15,0,0,2,0,0,0,1,6,14,12,5,6,0,5,6,0,0,0,0,2,0,1,3,0,0,1,2,0,0,0,1,0,0,0,1,1,1,0,0,1,0,0,0,0,0,0,0,0,145,15,0,0,2,0,0,0,1,6,14,12,5,6,0,5,6,0,0,0,1,0,1,0,2,0,3,0,0,1,2,0,0,0,0,0,1,1,1,0,0,0,1,0,0,0,0,0,0,0,0,0,0,231,unlabeled
82,1778299653.757000,1778299663.757000,parsed_events,636,2791,4.388364779874214,800,1.2578616352201257,51,51,514,122,14,1,24,23,1,1,1,53,6,0,0,0,12,9,186,0,6,0,0,0,0,130,58,51,355,4,1,0,12,11,0,7,0,0,3,0,1,1,0,0,1,1,0,0,0,0,0,0,0,0,0,636,0,0,0,0,0,0,0,0,0,0,0,581,46,4,0,0,5,0,0,0,0,0,0,0,123,17,360,91,4,0,2,3,2,5,0,0,0,0,0,0,0,0,0,5,6,2,4,0,1,0,0,1,2,1,2,1,0,0,1,0,1,1,1,0,0,0,0,0,0,0,0,0,0,0,123,17,360,91,4,0,2,3,2,5,0,0,0,0,0,0,0,0,0,5,0,6,0,0,2,4,1,0,0,1,2,1,2,1,0,1,1,1,1,0,0,0,0,0,0,0,0,0,0,0,0,0,0,636,unlabeled
83,1778299663.757000,1778299673.757000,parsed_events,208,977,4.697115384615385,295,1.4182692307692308,51,48,87,121,7,1,18,18,1,1,1,48,5,0,0,0,30,20,118,0,0,0,0,0,3,108,27,51,1,10,10,0,0,0,0,0,0,0,0,0,0,0,0,1,0,0,0,0,0,0,0,0,0,0,0,208,0,0,0,0,0,0,0,0,0,0,0,127,50,10,0,20,0,0,0,0,1,0,0,0,116,18,2,0,20,0,20,1,1,5,0,0,5,0,0,0,6,0,0,0,0,1,0,0,2,0,3,0,0,1,0,1,1,0,0,1,0,0,0,0,0,0,0,0,0,0,0,0,0,0,116,18,2,0,20,0,20,1,1,5,0,0,5,0,0,0,6,0,0,0,1,0,0,4,1,0,2,0,3,0,0,1,0,1,0,0,0,0,0,1,0,0,0,0,0,0,0,0,0,0,0,0,0,208,unlabeled
84,1778299673.757000,1778299683.757000,parsed_events,583,2951,5.061749571183533,1107,1.8987993138936534,91,91,524,59,4,1,12,12,1,1,1,92,2,0,0,0,12,0,54,0,0,0,0,0,0,55,433,91,0,4,0,0,0,0,0,0,0,0,0,0,0,0,0,0,0,0,0,0,0,0,0,0,0,0,0,583,0,0,0,0,0,0,0,0,0,0,0,488,91,4,0,0,0,0,0,0,0,0,0,0,58,407,0,0,50,0,0,26,25,5,0,0,5,0,0,0,0,0,0,0,0,1,0,3,0,0,0,0,0,1,0,1,0,0,0,1,0,0,0,0,0,0,0,0,0,0,0,0,0,0,58,407,0,0,50,0,0,26,25,5,0,0,5,0,0,0,0,0,0,0,0,0,3,0,1,0,0,0,0,0,0,1,0,1,0,0,0,0,0,1,0,0,0,0,0,0,0,0,0,0,0,0,0,583,unlabeled
85,1778299683.757000,1778299693.757000,parsed_events,217,1022,4.709677419354839,320,1.4746543778801844,20,20,123,94,9,1,9,8,1,1,1,21,4,0,0,0,66,9,149,0,0,0,0,0,0,101,41,20,0,22,0,0,12,10,0,7,0,0,3,0,0,0,0,0,1,0,0,0,0,0,0,0,0,0,0,217,0,0,0,0,0,0,0,0,0,0,0,175,13,22,0,0,7,0,0,0,0,0,0,0,91,4,0,91,0,0,0,0,1,3,14,12,0,0,0,0,0,0,0,0,0,0,0,0,0,0,0,0,0,0,0,0,0,0,0,0,0,0,0,0,0,1,0,0,0,0,0,0,0,0,91,4,0,91,0,0,0,0,1,3,14,12,0,0,0,0,0,0,0,0,0,0,0,0,0,0,0,0,0,0,0,0,0,0,0,0,0,0,0,0,0,0,1,0,0,0,0,0,0,0,0,0,0,217,unlabeled
86,1778299693.757000,1778299703.757000,parsed_events,214,964,4.5046728971962615,263,1.2289719626168225,45,45,83,131,5,1,24,24,1,1,1,46,4,0,0,0,99,0,117,0,6,0,0,0,0,110,23,45,3,33,0,0,0,0,0,0,0,0,0,0,0,0,0,0,0,0,0,0,0,0,0,0,0,0,0,214,0,0,0,0,0,0,0,0,0,0,0,136,41,33,0,0,4,0,0,0,0,0,0,0,119,19,6,0,2,0,0,1,0,7,23,12,5,0,0,0,0,0,0,0,0,2,2,0,1,0,0,1,2,1,0,1,0,0,0,1,1,1,1,0,0,0,0,0,0,0,0,0,2,0,119,19,6,0,2,0,0,1,0,7,23,12,5,0,0,0,0,0,0,0,0,0,0,0,2,2,1,0,0,1,2,1,0,1,0,0,1,1,1,1,0,0,0,0,0,0,0,2,0,0,0,0,0,214,unlabeled
87,1778299703.757000,1778299713.757000,parsed_events,88,400,4.545454545454546,114,1.2954545454545454,21,18,28,60,5,1,10,10,1,1,1,17,2,0,0,0,12,0,54,0,0,0,0,0,3,55,7,21,1,4,0,0,0,0,0,0,0,0,0,0,0,0,0,0,0,0,0,0,0,0,0,0,0,0,0,88,0,0,0,0,0,0,0,0,0,0,0,63,18,4,0,0,0,0,0,2,1,0,0,0,58,7,2,0,0,0,0,2,1,4,0,0,0,0,0,0,0,0,0,0,0,0,0,3,0,4,3,0,0,0,0,0,0,0,0,0,0,0,0,0,0,0,0,0,0,0,0,0,0,0,58,7,2,0,0,0,0,2,1,4,0,0,0,0,0,0,0,0,0,0,0,0,3,4,0,0,0,4,3,0,0,0,0,0,0,0,0,0,0,0,0,0,0,0,0,0,0,0,0,0,0,0,0,88,unlabeled
88,1778299713.757000,1778299723.757000,parsed_events,1181,5504,4.660457239627434,1813,1.5351397121083827,137,137,1011,170,11,1,22,22,1,1,1,138,7,0,0,0,24,20,173,0,0,0,0,0,0,162,481,137,377,8,11,0,0,1,0,0,0,0,0,0,1,1,0,1,0,1,0,0,0,0,0,0,0,0,0,1181,0,0,0,0,0,0,0,0,0,0,0,1016,137,8,0,20,0,0,0,0,0,0,0,0,174,442,379,0,72,0,22,27,26,6,0,0,0,0,0,0,6,0,0,5,6,2,2,0,2,0,0,0,0,1,2,1,1,0,1,0,0,0,0,0,0,0,2,0,0,0,0,0,0,0,174,442,379,0,72,0,22,27,26,6,0,0,0,0,0,0,6,0,0,5,1,6,0,0,2,2,2,0,0,0,0,1,2,1,0,1,0,0,0,0,0,0,0,2,0,0,0,0,0,0,0,0,0,1181,unlabeled
89,1778299723.757000,1778299733.757000,parsed_events,212,1006,4.745283018867925,313,1.4764150943396226,49,49,102,110,8,1,16,16,1,1,1,51,5,0,0,0,18,20,121,0,0,0,0,0,0,110,33,49,0,6,11,0,0,1,0,0,0,0,0,0,1,1,0,0,0,0,0,0,0,0,0,0,0,0,0,212,0,0,0,0,0,0,0,0,0,0,0,137,49,6,0,20,0,0,0,0,0,0,0,0,116,19,0,0,22,0,22,2,2,5,0,0,0,6,0,5,0,0,0,5,0,1,2,1,0,0,0,0,0,0,2,0,0,0,1,0,0,0,0,0,0,1,0,0,0,0,0,0,0,0,116,19,0,0,22,0,22,2,2,5,0,0,0,6,0,5,0,0,0,5,0,0,1,0,1,2,0,0,0,0,0,0,2,0,0,1,0,0,0,0,0,0,1,0,0,0,0,0,0,0,0,0,0,212,unlabeled
90,1778299733.757000,1778299743.757000,parsed_events,683,3428,5.019033674963397,1271,1.8609077598828696,103,100,588,95,5,1,13,13,1,1,1,101,4,0,0,0,24,0,83,0,0,0,0,0,3,84,487,103,1,8,0,0,0,0,0,0,0,0,0,0,0,0,0,0,0,0,0,0,0,0,0,0,0,0,0,683,0,0,0,0,0,0,0,0,0,0,0,572,102,8,0,0,0,0,0,0,1,0,0,0,87,462,2,0,50,0,0,27,27,5,0,0,0,6,0,5,0,0,0,0,0,1,0,4,0,0,3,0,0,0,0,0,0,0,0,0,0,0,0,0,0,0,0,0,0,0,0,0,0,0,87,462,2,0,50,0,0,27,27,5,0,0,0,6,0,5,0,0,0,0,0,0,4,4,1,0,0,0,3,0,0,0,0,0,0,0,0,0,0,0,0,0,0,0,0,0,0,0,0,0,0,0,0,683,unlabeled
91,1778299743.757000,1778299753.757000,parsed_events,292,1430,4.897260273972603,516,1.7671232876712328,37,34,223,69,5,1,20,20,1,1,1,34,5,0,0,0,12,0,240,0,0,0,0,0,3,61,15,37,0,4,175,0,0,0,0,0,0,0,0,0,0,0,0,0,0,0,0,0,0,0,0,0,0,0,0,292,0,0,0,0,0,0,0,0,0,0,0,251,36,4,0,0,0,0,0,0,1,0,0,0,67,14,0,0,2,0,178,0,2,4,0,0,5,0,0,0,0,0,0,1,0,3,2,0,1,0,0,1,2,1,0,1,0,0,0,1,1,1,1,0,0,0,0,0,0,4,0,0,0,0,67,14,0,0,2,0,178,0,2,4,0,0,5,0,0,0,0,0,0,1,0,0,0,4,3,2,1,0,0,1,2,1,0,1,0,0,1,1,1,1,0,0,0,0,0,0,0,0,0,0,0,0,0,292,unlabeled
94,1778299773.757000,1778299783.757000,parsed_events,136,625,4.595588235294118,175,1.286764705882353,70,61,108,23,13,5,23,41,3,3,2,56,23,116,113,36,72,0,0,13,0,0,0,0,9,0,0,70,1,24,0,12,0,1,11,0,5,0,0,2,0,0,2,0,0,0,0,2,2,2,0,1,1,0,0,131,0,1,0,1,0,0,2,1,0,0,0,0,68,24,33,0,0,1,5,0,2,2,1,0,0,2,2,0,0,0,0,5,4,0,0,0,0,0,59,0,0,5,0,1,0,0,0,0,0,0,0,3,2,4,0,1,1,1,1,0,0,0,0,0,0,0,0,1,3,0,4,6,0,0,0,2,2,0,0,0,0,5,4,0,0,0,0,0,59,0,0,5,0,1,22,0,6,4,0,0,0,0,0,3,2,4,0,1,1,1,0,0,0,0,0,0,0,0,0,1,3,0,0,0,0,0,0,136,unlabeled
